id,futbin_name,ustat_name,score
211688,Gayà,José Gayá,50.0
240787,Traorè,Hamed Junior Traore,55.55555555555556
240787,Traorè,Hamed Junior Traore,55.55555555555556
206098,Patricio Gabarrón Gil,Patric,60.60606060606061
209981,Yassine Bounou,Bono,61.53846153846154
238305,Ignacio Vidal Miralles,Aleix Vidal,62.5
240709,Ridle Baku,Bote Baku,63.1578947368421
264240,Páez Gavira,Gavi,63.63636363636363
227236,Zambo Anguissa,Franck Zambo,64.0
24630,Pepe Reina,José Reina,66.66666666666666
193747,Jorge Resurrección,Koke,66.66666666666666
192679,Escudero Palomo,Sergio Escudero,69.56521739130434
216194,Daniel García Carrillo,Dani García,70.58823529411765
198143,Samuel Sáiz Alonso,Samu Sáiz,70.58823529411765
229517,Antonio Villa Suárez,Toni Villa,70.58823529411765
245037,Eric García Martret,Eric Garcia,70.58823529411765
244621,Carlos Vinícius Alves Morais,Carlos Vinicius,70.58823529411765
248550,Daniel Vivian Moreno,Dani Vivian,70.96774193548387
206590,Moisés Gómez Bordonado,Moi Gómez,71.42857142857143
190941,Lukáš Hrádecký,Lukas Hradecky,71.42857142857143
231747,Kylian Mbappé,Kylian Mbappe-Lottin,72.72727272727272
193881,Filip Đuričić,Filip Djuricic,74.07407407407408
242578,Benoît Badiashile,Benoit Badiashile Mukinayi,74.4186046511628
242578,Benoît Badiashile,Benoit Badiashile Mukinayi,74.4186046511628
236792,Tomáš Souček,Tomas Soucek,75.0
200752,Nunes Jesus,Juan Jesus,76.19047619047619
229558,Dayot Upamecano,Dayotchanculle Upamecano,76.92307692307692
242619,Cheick Doucouré,Cheick Oumar Doucoure,77.77777777777777
239901,Saša Kalajdžić,Sasa Kalajdzic,78.57142857142857
236699,Saša Lukić,Sasa Lukic,80.0
229862,Eduardo Expósito Jaén,Edu Expósito,80.0
210617,Samuel Castillejo Azuaga,Samu Castillejo,80.0
245275,Toma Bašić,Toma Basic,80.0
227174,Matty Cash,Matthew Cash,81.81818181818181
181458,Ivan Perišić,Ivan Perisic,83.33333333333333
224422,Jérémie Boga,Jeremie Boga,83.33333333333333
201325,Ciprian Tătărușanu,Ciprian Tatarusanu,83.33333333333333
226110,Nicolas Pépé,Nicolas Pepe,83.33333333333333
224031,Adam Marušić,Adam Marusic,83.33333333333333
241095,Nikola Vlašić,Nikola Vlasic,84.61538461538461
236791,Antonín Barák,Antonin Barak,84.61538461538461
236583,Jiří Pavlenka,Jiri Pavlenka,84.61538461538461
223273,Mario Pašalić,Mario Pasalic,84.61538461538461
211591,Moussa Dembélé,Moussa Dembele,85.71428571428571
232119,Çağlar Söyüncü,Caglar Söyüncü,85.71428571428571
225100,Joe Gomez,Joseph Gomez,85.71428571428571
262118,Tino Livramento,Valentino Livramento,85.71428571428571
246430,Dušan Vlahović,Dusan Vlahovic,85.71428571428571
179645,Simon Kjær,Simon Kjaer,85.71428571428571
244749,Nayef Aguerd,Naif Aguerd,86.95652173913044
164835,Łukasz Fabiański,Lukasz Fabianski,87.5
220651,Angeliño,Angelino,87.5
208128,Hakan Çalhanoğlu,Hakan Calhanoglu,87.5
234678,Joakim Mæhle,Joakim Maehle,88.0
237329,Joseph Willock,Joe Willock,88.0
227222,Frédéric Guilbert,Frederic Guilbert,88.23529411764706
227222,Frédéric Guilbert,Frederic Guilbert,88.23529411764706
247028,Alex Král,Alex Kral,88.88888888888889
258683,Ivan Ilić,Ivan Ilic,88.88888888888889
226093,Ché Adams,Che Adams,88.88888888888889
241637,Aurélien Tchouaméni,Aurelien Tchouameni,89.47368421052632
208165,Berat Djimsiti,Berat Gjimshiti,89.65517241379311
247246,Khéphren Thuram,Kephren Thuram,89.65517241379311
235042,Dimitri Liénard,Dmitri Lienard,89.65517241379311
220018,Ante Rebić,Ante Rebic,90.0
236699,Saša Lukic,Sasa Lukic,90.0
180930,Edin Džeko,Edin Dzeko,90.0
220971,Naby Keïta,Naby Keita,90.0
215502,Bartłomiej Drągowski,Bartlomiej Dragowski,90.0
225663,Alexandr Golovin,Aleksandr Golovin,90.9090909090909
201143,Aïssa Mandi,Aissa Mandi,90.9090909090909
231410,Brahim Díaz,Brahim Diaz,90.9090909090909
229758,Rade Krunić,Rade Krunic,90.9090909090909
246420,Jérémy Doku,Jéremy Doku,90.9090909090909
246618,Adam Hložek,Adam Hlozek,90.9090909090909
259377,Yeremy Pino,Yeremi Pino,90.9090909090909
214092,Alexey Miranchuk,Aleksey Miranchuk,90.9090909090909
204234,Edgar Badia,Edgar Badía,90.9090909090909
165109,Ștefan Radu,Stefan Radu,90.9090909090909
208574,Filip Kostić,Filip Kostic,91.66666666666669
206167,Sanjin Prcić,Sanjin Prcic,91.66666666666669
204639,Stefan Savić,Stefan Savic,91.66666666666669
168651,Ivan Rakitić,Ivan Rakitic,91.66666666666669
221174,Mislav Oršic,Mislav Orsic,91.66666666666669
241184,Junior Firpo,Júnior Firpo,91.66666666666669
187598,Rafael Tolói,Rafael Toloi,91.66666666666669
240130,Éder Militão,Eder Militão,91.66666666666669
206467,Alassane Plea,Alassane Pléa,92.3076923076923
219789,Hamari Traoré,Hamari Traore,92.3076923076923
158121,Benoît Costil,Benoit Costil,92.3076923076923
234642,Édouard Mendy,Edouard Mendy,92.3076923076923
158121,Benoît Costil,Benoit Costil,92.3076923076923
191202,Nemanja Matić,Nemanja Matic,92.3076923076923
212127,Darko Lazović,Darko Lazovic,92.3076923076923
253163,Ronald Araujo,Ronald Araújo,92.3076923076923
219985,Matias Vecino,Matías Vecino,92.3076923076923
172723,Asmir Begović,Asmir Begovic,92.3076923076923
217877,Théo Bongonda,Theo Bongonda,92.3076923076923
220621,Saïd Benrahma,Said Benrahma,92.3076923076923
176600,Kévin Gameiro,Kevin Gameiro,92.3076923076923
251517,Joško Gvardiol,Josko Gvardiol,92.85714285714286
232363,Milan Škriniar,Milan Skriniar,92.85714285714286
234612,Jonathan Ikoné,Jonathan Ikone,92.85714285714286
181820,Stevan Jovetić,Stevan Jovetic,92.85714285714286
225201,Álex Berenguer,Alex Berenguer,92.85714285714286
205391,Soualiho Meïté,Soualiho Meité,92.85714285714286
207993,Sead Kolašinac,Sead Kolasinac,92.85714285714286
201535,Raphaël Varane,Raphael Varane,92.85714285714286
180216,Séamus Coleman,Seamus Coleman,92.85714285714286
209519,Gaëtan Laborde,Gaetan Laborde,92.85714285714286
238067,Nicolò Zaniolo,Nicolo Zaniolo,92.85714285714286
210406,Piotr Zieliński,Piotr Zielinski,93.33333333333331
227290,Marko Dmitrović,Marko Dmitrovic,93.33333333333331
226754,Ismaël Bennacer,Ismael Bennacer,93.33333333333331
194333,Rafał Gikiewicz,Rafal Gikiewicz,93.33333333333331
203605,Pavel Kadeřábek,Pavel Kaderábek,93.33333333333331
225263,Duje Ćaleta-Car,Duje Caleta-Car,93.33333333333331
143076,Alejandro Gómez,Alejandro Gomez,93.33333333333331
220440,Clément Lenglet,Clement Lenglet,93.33333333333331
242641,Rayan Aït Nouri,Rayan Ait Nouri,93.33333333333331
225859,Moussa Niakhaté,Moussa Niakhate,93.33333333333331
253157,Hicham Boudaoui,Hichem Boudaoui,93.33333333333331
257889,Kristijan Jakić,Kristijan Jakic,93.33333333333331
220407,Martin Dúbravka,Martin Dubravka,93.33333333333331
225859,Moussa Niakhaté,Moussa Niakhate,93.33333333333331
220407,Martin Dúbravka,Martin Dubravka,93.33333333333331
222665,Martin Ødegaard,Martin Odegaard,93.33333333333331
215441,Serhou Guirassy,Sehrou Guirassy,93.33333333333331
216354,Andrej Kramarić,Andrej Kramaric,93.33333333333331
215441,Serhou Guirassy,Sehrou Guirassy,93.33333333333331
201262,Vladimír Darida,Vladimir Darida,93.33333333333331
244470,Vladimír Coufal,Vladimir Coufal,93.33333333333331
201269,Frederik Rønnow,Frederik Rönnow,93.33333333333331
225995,Petar Stojanović,Petar Stojanovic,93.75
239732,Szymon Żurkowski,Szymon Zurkowski,93.75
213404,Paweł Dawidowicz,Pawel Dawidowicz,93.75
236496,Mattéo Guendouzi,Matteo Guendouzi,93.75
241727,Predrag Rajković,Predrag Rajkovic,93.75
184200,Marko Arnautović,Marko Arnautovic,93.75
245741,Jesper Lindstrøm,Jesper Lindstrom,93.75
189908,Łukasz Skorupski,Lukasz Skorupski,93.75
239817,Boubakary Soumaré,Boubakary Soumare,94.11764705882354
238095,Nikola Milenković,Nikola Milenkovic,94.11764705882354
202811,Emiliano Martínez,Emiliano Martinez,94.11764705882354
244380,Vitaliy Mykolenko,Vitalii Mykolenko,94.11764705882354
235424,Diadié Samassékou,Diadie Samassékou,94.11764705882354
41236,Zlatan Ibrahimović,Zlatan Ibrahimovic,94.44444444444444
239433,Nemanja Maksimović,Nemanja Maksimovic,94.44444444444444
231969,Ruslan Malinovskyi,Ruslan Malinovskiy,94.44444444444444
231969,Ruslan Malinovskyi,Ruslan Malinovskiy,94.44444444444444
215716,Aleksandar Mitrović,Aleksandar Mitrovic,94.73684210526316
237712,Valentin Castellanos,Valentín Castellanos,95.0
212138,Przemysław Frankowski,Przemyslaw Frankowski,95.23809523809524
234686,Jordan Lotomba,Jordan Lotomba,100.0
203535,Tonny Vilhena,Tonny Vilhena,100.0
241721,Rafael Leão,Rafael Leão,100.0
235805,Federico Chiesa,Federico Chiesa,100.0
206654,Pablo Marí Villar,Pablo Marí,100.0
258861,João Victor da Silva Marcelino,João Victor,100.0
183898,Ángel Di María,Ángel Di María,100.0
184344,Leonardo Bonucci,Leonardo Bonucci,100.0
256854,Warmed Omari,Warmed Omari,100.0
239732,Szymon Zurkowski,Szymon Zurkowski,100.0
259307,Malo Gusto,Malo Gusto,100.0
232656,Theo Hernández,Theo Hernández,100.0
232097,Amine Harit,Amine Harit,100.0
195864,Paul Pogba,Paul Pogba,100.0
211110,Paulo Dybala,Paulo Dybala,100.0
243237,Luca Pellegrini,Luca Pellegrini,100.0
153275,Jean-Louis Leca,Jean-Louis Leca,100.0
216352,Marcelo Brozovic,Marcelo Brozovic,100.0
212602,Diego Llorente,Diego Llorente,100.0
204451,Koray Günter,Koray Günter,100.0
201377,Jeison Murillo,Jeison Murillo,100.0
198683,Manolo Gabbiadini,Manolo Gabbiadini,100.0
210896,Morgan Sanson,Morgan Sanson,100.0
209288,Florent Mollet,Florent Mollet,100.0
241167,Youcef Belaïli,Mohamed Youcef Belaïli,100.0
232756,Fikayo Tomori,Fikayo Tomori,100.0
198706,Luis Alberto,Luis Alberto,100.0
193082,Juan Cuadrado,Juan Cuadrado,100.0
211147,Valentino Lazaro,Valentino Lazaro,100.0
210964,Federico Ceccherini,Federico Ceccherini,100.0
225508,Eric Bailly,Eric Bailly,100.0
210864,Elseid Hysaj,Elseid Hysaj,100.0
239580,Bremer,Bremer,100.0
162835,Samir Handanovic,Samir Handanovic,100.0
236804,Facundo Medina,Facundo Medina,100.0
198176,Stefan de Vrij,Stefan de Vrij,100.0
194845,Wahbi Khazri,Wahbi Khazri,100.0
252060,Tommaso Pobega,Tommaso Pobega,100.0
210935,Domenico Berardi,Domenico Berardi,100.0
237383,Alessandro Bastoni,Alessandro Bastoni,100.0
208535,Alfred Duncan,Alfred Duncan,100.0
222400,Harry Winks,Harry Winks,100.0
228251,Lorenzo Pellegrini,Lorenzo Pellegrini,100.0
253444,Arnaud Kalimuendo,Arnaud Kalimuendo Muinga,100.0
199189,Ross Barkley,Ross Barkley,100.0
241167,Youcef Belaïli,Mohamed Youcef Belaïli,100.0
263781,Vanderson de Oliveira Campos,Vanderson,100.0
241096,Sandro Tonali,Sandro Tonali,100.0
239575,Gerzino Nyamsi,Gerzino Nyamsi,100.0
223671,Stefan Posch,Stefan Posch,100.0
224232,Nicolò Barella,Nicolò Barella,100.0
237640,Nedim Bajrami,Nedim Bajrami,100.0
251217,Jean Lucas,Jean Lucas,100.0
215410,Brendan Chardonnet,Brendan Chardonnet,100.0
201858,Nicola Sansone,Nicola Sansone,100.0
246350,Enzo Le Fée,Enzo Le Fée,100.0
243580,Loïs Openda,Loïs Openda,100.0
217699,Islam Slimani,Islam Slimani,100.0
242835,Leonardo Balerdi,Leonardo Balerdi,100.0
241821,Mohamed Bayo,Mohamed Bayo,100.0
240754,Youcef Atal,Youcef Atal,100.0
239956,Myron Boadu,Myron Boadu,100.0
252339,Tiago Djaló,Tiago Djaló,100.0
220905,Jean-Eudes Aholou,Jean Eudes Aholou,100.0
237985,Kevin Danso,Kevin Danso,100.0
232293,Victor Osimhen,Victor Osimhen,100.0
221284,Jonathan Gradit,Jonathan Gradit,100.0
181318,Albin Ekdal,Albin Ekdal,100.0
235456,Jean-Ricner Bellegarde,Jean-Ricner Bellegarde,100.0
224438,Adam Buksa,Adam Buksa,100.0
226627,Takumi Minamino,Takumi Minamino,100.0
227232,Florian Sotoca,Florian Sotoca,100.0
230020,Pierre Lees-Melou,Pierre Lees-Melou,100.0
231089,Ibrahima Sissoko,Ibrahima Sissoko,100.0
236898,Michel Aebischer,Michel Aebischer,100.0
197813,Jonas Martin,Jonas Martin,100.0
254548,Melvin Bard,Melvin Bard,100.0
213367,Laurent Abergel,Laurent Abergel,100.0
223848,Sergej Milinkovic-Savic,Sergej Milinkovic-Savic,100.0
192505,Romelu Lukaku,Romelu Lukaku,100.0
192387,Ciro Immobile,Ciro Immobile,100.0
231478,Lautaro Martínez,Lautaro Martínez,100.0
186153,Wojciech Szczesny,Wojciech Szczesny,100.0
215698,Mike Maignan,Mike Maignan,100.0
236245,Alberth Elis,Alberth Elis,100.0
193338,Mattia Destro,Mattia Destro,100.0
206003,Yvon Mvogo,Yvon Mvogo,100.0
243702,Djed Spence,Djed Spence,100.0
190761,Tolgay Arslan,Tolgay Arslan,100.0
193091,Bram Nuytinck,Bram Nuytinck,100.0
235454,Malang Sarr,Malang Sarr,100.0
211575,André Filipe Tavares Gomes,André Gomes,100.0
208509,Thomas Foket,Thomas Foket,100.0
257278,Arthur Theate,Arthur Theate,100.0
212692,Rony Lopes,Rony Lopes,100.0
256769,Adrien Truffert,Adrien Truffert,100.0
212811,Mario Lemina,Mario Lemina,100.0
256035,Kamaldeen Sulemana,Kamaldeen Sulemana,100.0
212947,Jimmy Cabot,Jimmy Cabot,100.0
258683,Ivan Ilic,Ivan Ilic,100.0
229971,Fabien Centonze,Fabien Centonze,100.0
230899,Ademola Lookman,Ademola Lookman,100.0
219391,Gonzalo Escalante,Gonzalo Escalante,100.0
215333,Duván Zapata,Duván Zapata,100.0
216816,Giovanni Simeone,Giovanni Simeone,100.0
229857,Stefano Sensi,Stefano Sensi,100.0
224158,Sofyan Amrabat,Sofyan Amrabat,100.0
201046,Riccardo Saponara,Riccardo Saponara,100.0
224030,Maxime Lopez,Maxime Lopez,100.0
195272,Faraoni,Marco Faraoni,100.0
240938,Junior Messias,Junior Messias,100.0
241390,Eljif Elmas,Eljif Elmas,100.0
198946,Danilo D'Ambrosio,Danilo D'Ambrosio,100.0
193061,Roberto Pereyra,Roberto Pereyra,100.0
242664,Alexis Saelemaekers,Alexis Saelemaekers,100.0
251470,De Ketelaere,Charles De Ketelaere,100.0
211515,Pierluigi Gollini,Pierluigi Gollini,100.0
228413,Emil Audero,Emil Audero,100.0
189125,Giacomo Bonaventura,Giacomo Bonaventura,100.0
255654,Pierre Kalulu,Pierre Kalulu Kyatengwa,100.0
234711,Josip Brekalo,Josip Brekalo,100.0
247257,Ibañez,Ibañez,100.0
253002,Giacomo Raspadori,Giacomo Raspadori,100.0
241585,Igor,Igor Julio,100.0
189505,Pedro,Pedro,100.0
159261,Fabio Quagliarella,Fabio Quagliarella,100.0
246242,Boulaye Dia,Boulaye Dia,100.0
251892,Beto,Beto,100.0
244316,Luís Maximiano,Luís Maximiano,100.0
237086,Min Jae Kim,Kim Min-Jae,100.0
216150,Davide Zappacosta,Davide Zappacosta,100.0
190745,Marco Silvestri,Marco Silvestri,100.0
236610,Moise Kean,Moise Kean,100.0
226268,Federico Dimarco,Federico Dimarco,100.0
202848,Gianluca Caprari,Gianluca Caprari,100.0
189053,Francesco Caputo,Francesco Caputo,100.0
240716,Mathías Olivera,Mathías Olivera,100.0
202325,Diego Demme,Diego Demme,100.0
230899,Ademola Lookman,Ademola Lookman,100.0
238160,Merih Demiral,Merih Demiral,100.0
178007,Miguel Veloso,Miguel Veloso,100.0
251804,Sergiño Dest,Sergiño Dest,100.0
252802,Wilfried Singo,Wilfried Stephane Singo,100.0
236368,Giulio Maggiore,Giulio Maggiore,100.0
190813,El Shaarawy,Stephan El Shaarawy,100.0
237819,Nicolás Domínguez,Nicolás Domínguez,100.0
239613,Matteo Pessina,Matteo Pessina,100.0
233556,Riccardo Orsolini,Riccardo Orsolini,100.0
213242,Adrien Tameze,Adrien Tameze,100.0
225014,Gaetano Castrovilli,Gaetano Castrovilli,100.0
246186,Arthur Cabral,Arthur Cabral,100.0
242374,Musa Barrow,Musa Barrow,100.0
193361,Roberto Soriano,Roberto Soriano,100.0
156616,Franck Ribéry,Franck Ribéry,100.0
239807,Davide Frattesi,Davide Frattesi,100.0
211515,Pierluigi Gollini,Pierluigi Gollini,100.0
168435,Salvatore Sirigu,Salvatore Sirigu,100.0
189053,Francesco Caputo,Francesco Caputo,100.0
170320,Lorenzo De Silvestri,Lorenzo De Silvestri,100.0
168435,Salvatore Sirigu,Salvatore Sirigu,100.0
205812,Pietro Terracciano,Pietro Terracciano,100.0
240091,Guglielmo Vicario,Guglielmo Vicario,100.0
228708,Martínez Quarta,Lucas Martínez Quarta,100.0
204614,Mário Rui,Mário Rui,100.0
225116,Alex Meret,Alex Meret,100.0
202851,Gregoire Defrel,Gregoire Defrel,100.0
237640,Nedim Bajrami,Nedim Bajrami,100.0
204451,Koray Günter,Koray Günter,100.0
203551,Alessandro Florenzi,Alessandro Florenzi,100.0
210008,Adrien Rabiot,Adrien Rabiot,100.0
238744,Weston McKennie,Weston McKennie,100.0
213135,Divock Origi,Divock Origi,100.0
229582,Gianluca Mancini,Gianluca Mancini,100.0
189881,Chris Smalling,Chris Smalling,100.0
214979,Juan Musso,Juan Musso,100.0
216409,Matteo Politano,Matteo Politano,100.0
213814,Di Francesco,Federico Di Francesco,100.0
221992,Hirving Lozano,Hirving Lozano,100.0
215363,Lorenzo Montipò,Lorenzo Montipò,100.0
216435,Stanislav Lobotka,Stanislav Lobotka,100.0
192883,Henrikh Mkhitaryan,Henrikh Mkhitaryan,100.0
215689,Andrea Petagna,Andrea Petagna,100.0
199304,Danilo,Danilo,100.0
239770,Nicolò Casale,Nicolò Casale,100.0
178509,Olivier Giroud,Olivier Giroud,100.0
199845,Francesco Acerbi,Francesco Acerbi,100.0
231352,Tammy Abraham,Tammy Abraham,100.0
199110,Luis Muriel,Luis Muriel,100.0
202884,Leonardo Spinazzola,Leonardo Spinazzola,100.0
178005,Rui Patrício,Rui Patrício,100.0
233096,Denzel Dumfries,Denzel Dumfries,100.0
217870,Giovanni Di Lorenzo,Giovanni Di Lorenzo,100.0
223697,Robin Gosens,Robin Gosens,100.0
226753,André Onana,André Onana,100.0
224987,Ivan Provedel,Ivan Provedel,100.0
231835,Thomas Henry,Thomas Henry,100.0
222077,Manuel Locatelli,Manuel Locatelli,100.0
224490,Zeki Çelik,Mehmet Zeki Çelik,100.0
207439,Leandro Paredes,Leandro Paredes,100.0
201389,Cristiano Biraghi,Cristiano Biraghi,100.0
212153,Roberto Gagliardini,Roberto Gagliardini,100.0
235374,Manuel Lazzari,Manuel Lazzari,100.0
235569,Tanguy Ndombele,Tanguy NDombele Alvaro,100.0
211320,Daniele Rugani,Daniele Rugani,100.0
205600,Samuel Umtiti,Samuel Umtiti,100.0
220502,Mattia Zaccagni,Mattia Zaccagni,100.0
201995,Felipe Anderson,Felipe Anderson,100.0
232432,Luka Jovic,Luka Jovic,100.0
205175,Arkadiusz Milik,Arkadiusz Milik,100.0
198009,Mattia Perin,Mattia Perin,100.0
140233,Ochoa,Guillermo Ochoa,100.0
184392,Matteo Darmian,Matteo Darmian,100.0
210413,Alessio Romagnoli,Alessio Romagnoli,100.0
228881,Davide Calabria,Davide Calabria,100.0
225085,Jonathan Bamba,Jonathan Bamba,100.0
163489,Andrea Consigli,Andrea Consigli,100.0
205659,Alessio Cragno,Alessio Cragno,100.0
244263,Amir Rrahmani,Amir Rrahmani,100.0
191043,Alex Sandro,Alex Sandro,100.0
220093,Hans Hateboer,Hans Hateboer,100.0
173221,Antonio Candreva,Antonio Candreva,100.0
208268,Bryan Cristante,Bryan Cristante,100.0
202477,Deulofeu,Gerard Deulofeu,100.0
222558,Rick Karsdorp,Rick Karsdorp,100.0
215330,Joaquín Correa,Joaquín Correa,100.0
208461,Marten de Roon,Marten de Roon,100.0
240679,Teun Koopmeiners,Teun Koopmeiners,100.0
181291,Georginio Wijnaldum,Georginio Wijnaldum,100.0
211361,Danilo Cataldi,Danilo Cataldi,100.0
240690,Nicolás González,Nicolás González,100.0
206058,Mattia De Sciglio,Mattia De Sciglio,100.0
223898,Paul Bernardoni,Paul Bernardoni,100.0
253290,Matias Viña,Matias Viña,100.0
219466,Birger Meling,Birger Meling,100.0
215353,Lucas Alario,Lucas Alario,100.0
250723,Koné,Kouadio Kone,100.0
228579,Benjamin Henrichs,Benjamin Henrichs,100.0
225711,Abdou Diallo,Abdou Diallo,100.0
207791,Yussuf Poulsen,Yussuf Poulsen,100.0
244067,Maxence Lacroix,Maxence Lacroix,100.0
221491,Nico Elvedi,Nico Elvedi,100.0
222493,Marvin Friedrich,Marvin Friedrich,100.0
223724,Stefan Lainer,Stefan Lainer,100.0
204024,Christoph Kramer,Christoph Kramer,100.0
230065,Suat Serdar,Suat Serdar,100.0
224425,Marius Wolf,Marius Wolf,100.0
231227,Niklas Dorsch,Niklas Dorsch,100.0
226789,Angelo Fulgini,Angelo Fulgini,100.0
247182,Tuta,Tuta,100.0
231366,Philipp Lienhart,Philipp Lienhart,100.0
242187,Christoph Baumgartner,Christoph Baumgartner,100.0
208334,Jonas Hector,Jonas Hector,100.0
237679,Kolo Muani,Randal Kolo Muani,100.0
223550,Jonas Omlin,Jonas Omlin,100.0
219733,Ludovic Ajorque,Ludovic Ajorque,100.0
256197,Piero Hincapié,Piero Hincapié,100.0
210665,Marcel Halstenberg,Marcel Halstenberg,100.0
238463,Amadou Haidara,Amadou Haidara,100.0
243854,Mohamed Simakan,Mohamed Simakan,100.0
230084,Lukas Nmecha,Lukas Nmecha,100.0
240740,Callum Hudson-Odoi,Callum Hudson-Odoi,100.0
242000,Konstantinos Mavropanos,Konstantinos Mavropanos,100.0
243388,Borna Sosa,Borna Sosa,100.0
224196,Ramy Bensebaini,Ramy Bensebaini,100.0
228093,Marcus Thuram,Marcus Thuram,100.0
220883,Borré,Santos Borré,100.0
231521,Exequiel Palacios,Exequiel Palacios,100.0
202371,Thomas Meunier,Thomas Meunier,100.0
200215,Sebastian Rode,Sebastian Rode,100.0
232487,Wataru Endo,Wataru Endo,100.0
226851,Benjamin Pavard,Benjamin Pavard,100.0
216258,Ihlas Bebou,Ihlas Bebou,100.0
193254,Christopher Trimmel,Christopher Trimmel,100.0
200318,Mark Uth,Mark Uth,100.0
203030,Robin Knoche,Robin Knoche,100.0
212212,Dominik Kohr,Dominik Kohr,100.0
221671,Jae Sung Lee,Jae-Sung Lee,100.0
223641,Timo Baumgartl,Timo Baumgartl,100.0
224251,Robin Zentner,Robin Zentner,100.0
225309,Nadiem Amiri,Nadiem Amiri,100.0
225908,Reece Oxford,Reece Oxford,100.0
228595,Grischa Prömel,Grischa Prömel,100.0
229909,Andrey Lunev,Andrey Lunev,100.0
234171,Roland Sallai,Roland Sallai,100.0
234727,Timo Hübers,Timo Hübers,100.0
237629,Arne Maier,Arne Maier,100.0
240916,Dejan Ljubicic,Dejan Ljubicic,100.0
243237,Luca Pellegrini,Luca Pellegrini,100.0
192641,Kevin Vogt,Kevin Vogt,100.0
183714,Simon Terodde,Simon Terodde,100.0
209288,Florent Mollet,Florent Mollet,100.0
234833,Florian Müller,Florian Müller,100.0
245541,Giovanni Reyna,Giovanni Reyna,100.0
224041,Marvin Schwäbe,Marvin Schwäbe,100.0
251182,Iago,Iago,100.0
232639,Ritsu Doan,Ritsu Doan,100.0
216283,Danilo,Danilo Soares,100.0
228687,Kasper Dolberg,Kasper Dolberg,100.0
204082,Brooks,John Brooks,100.0
216158,Silvan Widmer,Silvan Widmer,100.0
212187,Philipp Max,Philipp Max,100.0
241522,Jonas Wind,Jonas Wind,100.0
216497,Maximilian Philipp,Maximilian Philipp,100.0
228946,Mattias Svanberg,Mattias Svanberg,100.0
212245,Yannick Gerhardt,Yannick Gerhardt,100.0
208001,Paulo Otávio,Paulo Otávio,100.0
202562,Jérôme Roussillon,Jérôme Roussillon,100.0
223790,Sheraldo Becker,Sheraldo Becker,100.0
254566,Patrick Wimmer,Patrick Wimmer,100.0
244257,Jonathan Burkardt,Jonathan Burkardt,100.0
182212,Anthony Modeste,Anthony Modeste,100.0
199339,Manuel Riemann,Manuel Riemann,100.0
178603,Mats Hummels,Mats Hummels,100.0
220814,Lucas Hernández,Lucas Hernández,100.0
225375,Konrad Laimer,Konrad Laimer,100.0
193698,Oliver Baumann,Oliver Baumann,100.0
235073,Gregor Kobel,Gregor Kobel,100.0
247819,Nico Schlotterbeck,Nico Schlotterbeck,100.0
256630,Florian Wirtz,Florian Wirtz,100.0
212188,Timo Werner,Timo Werner,100.0
228941,André Silva,André Silva,100.0
244260,Dani Olmo,Dani Olmo,100.0
204638,Willi Orban,Willi Orban,100.0
209889,Guerreiro,Raphael Guerreiro,100.0
208333,Emre Can,Emre Can,100.0
207862,Matthias Ginter,Matthias Ginter,100.0
236401,Noussair Mazraoui,Noussair Mazraoui,100.0
192984,Koen Casteels,Koen Casteels,100.0
222492,Leroy Sané,Leroy Sané,100.0
241852,Moussa Diaby,Moussa Diaby,100.0
234396,Alphonso Davies,Alphonso Davies,100.0
212622,Joshua Kimmich,Joshua Kimmich,100.0
210514,João Cancelo,João Cancelo,100.0
189596,Thomas Müller,Thomas Müller,100.0
209658,Leon Goretzka,Leon Goretzka,100.0
213345,Kingsley Coman,Kingsley Coman,100.0
188943,Kevin Trapp,Kevin Trapp,100.0
232411,Christopher Nkunku,Christopher Nkunku,100.0
205693,Sébastien Haller,Sébastien Haller,100.0
185122,Péter Gulácsi,Péter Gulácsi,100.0
177683,Yann Sommer,Yann Sommer,100.0
212190,Niklas Süle,Niklas Süle,100.0
234236,Patrik Schick,Patrik Schick,100.0
188350,Marco Reus,Marco Reus,100.0
206113,Serge Gnabry,Serge Gnabry,100.0
177683,Yann Sommer,Yann Sommer,100.0
252371,Jude Bellingham,Jude Bellingham,100.0
235243,Matthijs de Ligt,Matthijs de Ligt,100.0
202857,Karim Bellarabi,Karim Bellarabi,100.0
212194,Julian Brandt,Julian Brandt,100.0
236703,David Raum,David Raum,100.0
203486,Thorgan Hazard,Thorgan Hazard,100.0
213955,Sardar Azmoun,Sardar Azmoun,100.0
209846,Christian Günter,Christian Günter,100.0
199042,Charles Aránguiz,Charles Aránguiz,100.0
211738,Mark Flekken,Mark Flekken,100.0
232730,Daichi Kamada,Daichi Kamada,100.0
190815,Daley Blind,Daley Blind,100.0
236772,Dominik Szoboszlai,Dominik Szoboszlai,100.0
234711,Josip Brekalo,Josip Brekalo,100.0
246104,Ryan Gravenberch,Ryan Gravenberch,100.0
187072,Lars Stindl,Lars Stindl,100.0
222028,Julian Weigl,Julian Weigl,100.0
235407,Salih Özcan,Salih Özcan,100.0
231447,Donyell Malen,Donyell Malen,100.0
225126,Ellyes Skhiri,Ellyes Skhiri,100.0
218339,Mahmoud Dahoud,Mahmoud Dahoud,100.0
204923,Marcel Sabitzer,Marcel Sabitzer,100.0
229752,Djibril Sow,Djibril Sow,100.0
234943,Florian Neuhaus,Florian Neuhaus,100.0
256790,Jamal Musiala,Jamal Musiala,100.0
208448,Emil Forsberg,Emil Forsberg,100.0
210324,Jonas Hofmann,Jonas Hofmann,100.0
236403,Evan Ndicka,Evan Ndicka,100.0
212242,Robert Andrich,Robert Andrich,100.0
211748,Kerem Demirbay,Kerem Demirbay,100.0
247263,Edmond Tapsoba,Edmond Tapsoba,100.0
213331,Jonathan Tah,Jonathan Tah,100.0
192318,Mario Götze,Mario Götze,100.0
193283,Thomas Delaney,Thomas Delaney,100.0
253149,Jeremie Frimpong,Jeremie Frimpong,100.0
222331,Lukas Klostermann,Lukas Klostermann,100.0
233195,Xaver Schlager,Xaver Schlager,100.0
195365,Kevin Kampl,Kevin Kampl,100.0
183574,Max Kruse,Max Kruse,100.0
206511,Maximilian Arnold,Maximilian Arnold,100.0
212096,Vincenzo Grifo,Vincenzo Grifo,100.0
257191,Anton Stach,Anton Stach,100.0
238050,Ejuke,Chidera Ejuke,100.0
202562,Jérôme Roussillon,Jérôme Roussillon,100.0
223550,Jonas Omlin,Jonas Omlin,100.0
163705,Steve Mandanda,Steve Mandanda,100.0
199641,Matz Sels,Matz Sels,100.0
242577,Romain Faivre,Romain Faivre,100.0
224069,Toko Ekambi,Karl Toko Ekambi,100.0
229927,Gerson,Gerson,100.0
223874,Valentin Rongier,Valentin Rongier,100.0
232905,Junya Ito,Junya Ito,100.0
226515,Andrei Girotto,Andrei Girotto,100.0
235134,Pablo Rosario,Pablo Rosario,100.0
245388,Jean-Clair Todibo,Jean-Clair Todibo,100.0
205069,Juan Bernat,Juan Bernat,100.0
244892,Sofiane Diop,Sofiane Diop,100.0
223885,Alexander Nübel,Alexander Nübel,100.0
232440,Caio Henrique,Caio Henrique,100.0
219733,Ludovic Ajorque,Ludovic Ajorque,100.0
243630,Jonathan David,Jonathan Christian David,100.0
231102,Ludovic Blas,Ludovic Blas,100.0
201119,Ismaily,Ismaily,100.0
231691,Alban Lafont,Alban Lafont,100.0
171791,José Fonte,José Fonte,100.0
193983,Andy Delort,Andy Delort,100.0
255253,Vitinha,Vitinha,100.0
226166,Nordi Mukiele,Nordi Mukiele,100.0
183907,Jérôme Boateng,Jérôme Boateng,100.0
234906,Houssem Aouar,Houssem Aouar,100.0
158625,Dante,Dante,100.0
246646,Maxence Caqueret,Maxence Caqueret,100.0
235889,Cengiz Ünder,Cengiz Ünder,100.0
210897,Chancel Mbemba,Chancel Mbemba,100.0
201519,Jordan Veretout,Jordan Veretout,100.0
184941,Alexis Sánchez,Alexis Sánchez,100.0
240753,Amine Gouiri,Amine Gouiri,100.0
190674,Benjamin André,Benjamin André,100.0
245630,Youssouf Fofana,Youssouf Fofana,100.0
221087,Pau López,Pau López,100.0
244261,Lovro Majer,Lovro Majer,100.0
219145,Guillermo Maripán,Guillermo Maripán,100.0
195086,Lovren,Dejan Lovren,100.0
200726,Benjamin Lecomte,Benjamin Lecomte,100.0
262138,Castello Lukeba,Castello Lukeba,100.0
257289,Hugo Ekitike,Hugo Ekitike,100.0
247641,Mateus Tetê,Tetê,100.0
213874,Thiago Mendes,Thiago Mendes,100.0
245158,Suárez,Luis Suárez,100.0
241707,Pape Gueye,Pape Alassane Gueye,100.0
183285,Mamadou Sakho,Mamadou Sakho,100.0
186197,Gaël Kakuta,Gaël Kakuta,100.0
186561,Aaron Ramsey,Aaron Ramsey,100.0
193116,Maxime Gonalons,Maxime Gonalons,100.0
198951,Cédric Bakambu,Cédric Bakambu,100.0
200110,Marco Bizot,Marco Bizot,100.0
206493,Yunis Abdelhamid,Yunis Abdelhamid,100.0
208861,Johan Gastien,Johan Gastien,100.0
226789,Angelo Fulgini,Angelo Fulgini,100.0
208787,Adrien Thomasson,Adrien Thomasson,100.0
229942,Axel Disasi,Axel Disasi,100.0
225293,Habib Diallo,Habib Diallo,100.0
224069,Toko Ekambi,Karl Toko Ekambi,100.0
242577,Romain Faivre,Romain Faivre,100.0
222357,Breel Embolo,Breel Embolo,100.0
246764,Mohamed Camara,Mohamed Camara,100.0
213388,Flavien Tait,Flavien Tait,100.0
208787,Adrien Thomasson,Adrien Thomasson,100.0
212219,Alexander Djiku,Alexander Djiku,100.0
219581,Gigot,Samuel Gigot,100.0
227055,Gelson Martins,Gelson Martins,100.0
220876,Franck Honorat,Franck Honorat,100.0
216820,Moses Simon,Moses Simon,100.0
211381,Sofiane Boufal,Sofiane Boufal,100.0
225783,Stephy Mavididi,Stephy Mavididi,100.0
223597,Ruben Aguilar,Ruben Aguilar,100.0
224019,Pedro Chirivella,Pedro Chirivella,100.0
199393,Nicolas Pallois,Nicolas Pallois,100.0
206306,Jordan Ferri,Jordan Ferri,100.0
193983,Andy Delort,Andy Delort,100.0
239093,Jonathan Clauss,Jonathan Clauss,100.0
200888,Danilo Pereira,Danilo Pereira,100.0
197031,Marvin Ducksch,Marvin Ducksch,100.0
197083,Daniel Caligiuri,Daniel Caligiuri,100.0
198352,Stefan Bell,Stefan Bell,100.0
199288,Anthony Losilla,Anthony Losilla,100.0
199439,Michael Gregoritsch,Michael Gregoritsch,100.0
199897,Nicolas Höfler,Nicolas Höfler,100.0
202201,Jeffrey Gouweleeuw,Jeffrey Gouweleeuw,100.0
203106,Leonardo Bittencourt,Leonardo Bittencourt,100.0
205431,Niclas Füllkrug,Niclas Füllkrug,100.0
208498,Munas Dabbur,Munas Dabbur,100.0
211856,Kevin Akpoguma,Kevin Akpoguma,100.0
212977,Niklas Stark,Niklas Stark,100.0
222692,Benno Schmitz,Benno Schmitz,100.0
226168,Maximilian Eggestein,Maximilian Eggestein,100.0
232144,Felix Uduokhai,Felix Uduokhai,100.0
195038,Florian Kainz,Florian Kainz,100.0
189251,Sebastian Rudy,Sebastian Rudy,100.0
186569,Sven Ulreich,Sven Ulreich,100.0
183569,Eric Maxim Choupo-Moting,Eric Maxim Choupo-Moting,100.0
216497,Maximilian Philipp,Maximilian Philipp,100.0
245637,Georginio Rutter,Georginio Rutter,100.0
220085,Luca Waldschmidt,Gian-Luca Waldschmidt,100.0
198118,Josuha Guilavogui,Josuha Guilavogui,100.0
242663,Sebastiaan Bornauw,Sebastiaan Bornauw,100.0
245940,Silas,Silas Wamangituka,100.0
244112,Daniel-Kofi Kyereh,Daniel-Kofi Kyereh,100.0
235526,Dennis Geiger,Dennis Geiger,100.0
229476,Waldemar Anton,Waldemar Anton,100.0
233152,Ko Itakura,Ko Itakura,100.0
202789,Alexander Schwolow,Alexander Schwolow,100.0
229155,Thomas Ouwejan,Thomas Ouwejan,100.0
215604,Cédric Brunner,Cédric Brunner,100.0
210719,Marc-Oliver Kempf,Marc-Oliver Kempf,100.0
205402,Jean-Paul Boëtius,Jean-Paul Boëtius,100.0
227234,Lucas Tousart,Lucas Tousart,100.0
257073,Tiago Tomás,Tiago Tomás,100.0
236295,Aarón Martín Caricol,Aarón Martín,100.0
236636,Anthony Caci,Anthony Caci,100.0
238581,Ruben Vargas,Ruben Vargas,100.0
234153,Carlos Soler,Carlos Soler,100.0
226271,Fabián,Fabián,100.0
163587,Kasper Schmeichel,Kasper Schmeichel,100.0
200610,Kevin Volland,Kevin Volland,100.0
177388,Dimitri Payet,Dimitri Payet,100.0
199482,Anthony Lopes,Anthony Lopes,100.0
216320,Seko Fofana,Seko Fofana,100.0
225850,Presnel Kimpembe,Presnel Kimpembe,100.0
214097,Benjamin Bourigeaud,Benjamin Bourigeaud,100.0
193301,Alexandre Lacazette,Alexandre Lacazette,100.0
198950,Pablo Sarabia,Pablo Sarabia,100.0
211256,Nicolás Tagliafico,Nicolás Tagliafico,100.0
219683,Corentin Tolisso,Corentin Tolisso,100.0
205686,Téji Savanier,Téji Savanier,100.0
252145,Nuno Mendes,Nuno Mendes,100.0
230767,Renato Sanches,Renato Sanches,100.0
236786,Martin Terrier,Martin Terrier,100.0
219792,Baptiste Santamaria,Baptiste Santamaria,100.0
199451,Wissam Ben Yedder,Wissam Ben Yedder,100.0
235212,Achraf Hakimi,Achraf Hakimi,100.0
239368,Mitchel Bakker,Mitchel Bakker,100.0
239970,Paulinho,Paulinho,100.0
246836,Amos Pieper,Amos Pieper,100.0
246875,Odilon Kossounou,Odilon Kossounou,100.0
251852,Karim Adeyemi,Karim Adeyemi,100.0
257540,Ansgar Knauff,Ansgar Knauff,100.0
224811,Ivan Ordets,Ivan Ordets,100.0
155862,Sergio Ramos,Sergio Ramos,100.0
208159,Michael Frey,Michael Frey,100.0
213899,Éder Balanta,Éder Balanta,100.0
158023,Lionel Messi,Lionel Messi,100.0
190871,Neymar Jr,Neymar,100.0
207865,Marquinhos,Marquinhos,100.0
193041,Keylor Navas,Keylor Navas,100.0
230621,Gianluigi Donnarumma,Gianluigi Donnarumma,100.0
199556,Marco Verratti,Marco Verratti,100.0
257771,Josip Juranovic,Josip Juranovic,100.0
183394,Moussa Sissoko,Moussa Sissoko,100.0
197445,David Alaba,David Alaba,100.0
219809,Tiemoué Bakayoko,Tiemoué Bakayoko,100.0
206585,Kepa Arrizabalaga,Kepa,100.0
226710,Gianluca Scamacca,Gianluca Scamacca,100.0
229880,Aaron Wan-Bissaka,Aaron Wan-Bissaka,100.0
251809,Sven Botman,Sven Botman,100.0
240273,Smith Rowe,Emile Smith-Rowe,100.0
217036,Álex Moreno,Álex Moreno,100.0
204923,Marcel Sabitzer,Marcel Sabitzer,100.0
238744,Weston McKennie,Weston McKennie,100.0
248695,Wesley Fofana,Wesley Fofana,100.0
210455,Jonny,Jonny,100.0
253124,Matheus Nunes,Matheus Nunes,100.0
213956,Adama Traoré,Adama Traoré,100.0
190717,Michail Antonio,Michail Antonio,100.0
208135,Abdoulaye Doucouré,Abdoulaye Doucouré,100.0
210881,John McGinn,John McGinn,100.0
204311,Kurt Zouma,Kurt Zouma,100.0
224371,Jarrod Bowen,Jarrod Bowen,100.0
229906,Leon Bailey,Leon Bailey,100.0
233731,Alexander Isak,Alexander Isak,100.0
237238,Scott McTominay,Scott McTominay,100.0
233500,Luis Sinisterra,Luis Sinisterra,100.0
200949,Lucas Moura,Lucas Moura,100.0
226162,Emiliano Buendía,Emiliano Buendía,100.0
230658,Arthur,Arthur Cabral,100.0
202335,Eric Dier,Eric Dier,100.0
202024,Remo Freuler,Remo Freuler,100.0
205923,Ben Davies,Ben Davies,100.0
251573,Renan Lodi,Renan Lodi,100.0
200159,Stefan Ortega,Stefan Ortega Moreno,100.0
192563,Bernd Leno,Bernd Leno,100.0
211300,Anthony Martial,Anthony Martial,100.0
221479,Dominic Calvert-Lewin,Dominic Calvert-Lewin,100.0
234742,Harvey Barnes,Harvey Barnes,100.0
236987,Boubacar Kamara,Boubacar Kamara,100.0
205988,Luke Shaw,Luke Shaw,100.0
221660,Victor Lindelöf,Victor Lindelöf,100.0
221363,Donny van de Beek,Donny van de Beek,100.0
238216,Conor Gallagher,Conor Gallagher,100.0
227535,Rodrigo Bentancur,Rodrigo Bentancur,100.0
169588,Jonny Evans,Jonny Evans,100.0
223689,Wout Weghorst,Wout Weghorst,100.0
207421,Leandro Trossard,Leandro Trossard,100.0
195859,Danny Ings,Danny Ings,100.0
212382,Onuachu,Paul Onuachu,100.0
251566,Gabriel Martinelli,Gabriel Martinelli,100.0
226766,Daniel Podence,Daniel Podence,100.0
183855,Angelo Ogbonna,Angelo Ogbonna,100.0
238616,Pedro Neto,Pedro Neto,100.0
215798,Maxwel Cornet,Maxwel Cornet,100.0
208920,Nathan Aké,Nathan Aké,100.0
221697,Ollie Watkins,Ollie Watkins,100.0
206534,Patrick Bamford,Patrick Bamford,100.0
236499,Douglas Luiz,Douglas Luiz,100.0
212419,Tyrone Mings,Tyrone Mings,100.0
208004,Joël Veltman,Joël Veltman,100.0
246191,Julián Álvarez,Julián Álvarez,100.0
209297,Fred,Fred,100.0
232938,Takehiro Tomiyasu,Takehiro Tomiyasu,100.0
237942,Pervis Estupiñán,Estupiñán,100.0
226456,Pablo Fornals,Pablo Fornals,100.0
196978,Callum Wilson,Callum Wilson,100.0
227678,Ezri Konsa,Ezri Konsa Ngoyo,100.0
233306,Dean Henderson,Dean Henderson,100.0
195859,Danny Ings,Danny Ings,100.0
189690,Guaita,Vicente Guaita,100.0
220793,Davinson Sánchez,Davinson Sánchez,100.0
188988,Manuel Lanzini,Manuel Lanzini,100.0
227813,Oleksandr Zinchenko,Oleksandr Zinchenko,100.0
231936,Ben White,Ben White,100.0
238041,Tyrell Malacia,Tyrell Malacia,100.0
202695,James Tarkowski,James Tarkowski,100.0
207599,Michael Keane,Michael Keane,100.0
199503,Granit Xhaka,Granit Xhaka,100.0
207421,Leandro Trossard,Leandro Trossard,100.0
199915,Lewis Dunk,Lewis Dunk,100.0
202048,Conor Coady,Conor Coady,100.0
138412,James Milner,James Milner,100.0
227928,Nélson Semedo,Nélson Semedo,100.0
207863,Felipe,Felipe,100.0
242444,João Félix,João Félix,100.0
208670,Hakim Ziyech,Hakim Ziyech,100.0
183711,Jordan Henderson,Jordan Henderson,100.0
201942,Roberto Firmino,Roberto Firmino,100.0
224293,Rúben Neves,Rúben Neves,100.0
203574,John Stones,John Stones,100.0
230666,Gabriel Jesus,Gabriel Jesus,100.0
213648,Pierre-Emile Højbjerg,Pierre-Emile Højbjerg,100.0
210243,Ricardo Pereira,Ricardo Pereira,100.0
219693,Diego Carlos,Diego Carlos,100.0
232488,Cristian Romero,Cristian Romero,100.0
242516,Cody Gakpo,Cody Gakpo,100.0
227796,Christian Pulisic,Christian Pulisic,100.0
233934,Aaron Ramsdale,Aaron Ramsdale,100.0
229984,Ben Chilwell,Ben Chilwell,100.0
186345,Kieran Trippier,Kieran Trippier,100.0
226790,Wilfred Ndidi,Wilfred Ndidi,100.0
209989,Thomas Partey,Thomas Partey,100.0
234378,Declan Rice,Declan Rice,100.0
224458,Diogo Jota,Diogo Jota,100.0
237692,Phil Foden,Phil Foden,100.0
186942,Ilkay Gündogan,Ilkay Gündogan,100.0
188377,Kyle Walker,Kyle Walker,100.0
208830,Jamie Vardy,Jamie Vardy,100.0
188567,Aubameyang,Pierre-Emerick Aubameyang,100.0
205498,Jorginho,Jorginho,100.0
184432,Azpilicueta,César Azpilicueta,100.0
206517,Jack Grealish,Jack Grealish,100.0
233064,Mason Mount,Mason Mount,100.0
207410,Mateo Kovacic,Mateo Kovacic,100.0
238074,Reece James,Reece James,100.0
197061,Joel Matip,Joel Matip,100.0
241084,Luis Díaz,Luis Díaz,100.0
233049,Jadon Sancho,Jadon Sancho,100.0
216393,Youri Tielemans,Youri Tielemans,100.0
235790,Kai Havertz,Kai Havertz,100.0
253072,Darwin Núñez,Darwin Núñez,100.0
246669,Bukayo Saka,Bukayo Saka,100.0
255475,Antony,Antony,100.0
229237,Manuel Akanji,Manuel Akanji,100.0
236480,Yves Bissouma,Yves Bissouma,100.0
247851,Bruno Guimarães,Bruno Guimarães,100.0
224081,Kalvin Phillips,Kalvin Phillips,100.0
229391,Palhinha,João Palhinha,100.0
193105,Alphonse Areola,Alphonse Areola,100.0
205569,James Ward-Prowse,James Ward-Prowse,100.0
231943,Richarlison,Richarlison,100.0
226491,Kieran Tierney,Kieran Tierney,100.0
203841,Nick Pope,Nick Pope,100.0
203263,Harry Maguire,Harry Maguire,100.0
237678,Ibrahima Konaté,Ibrahima Konaté,100.0
232580,Gabriel,Gabriel Martinelli,100.0
240243,Matheus Cunha,Matheus Cunha,100.0
198950,Pablo Sarabia,Pablo Sarabia,100.0
243576,Pedro Porro,Pedro Porro,100.0
194404,Neto,Neto,100.0
243715,William Saliba,William Saliba,100.0
247394,Dejan Kulusevski,Dejan Kulusevski,100.0
239301,Lisandro Martínez,Lisandro Martínez,100.0
233927,Lucas Paquetá,Lucas Paquetá,100.0
198717,Wilfried Zaha,Wilfried Zaha,100.0
189242,Coutinho,Philippe Coutinho,100.0
204838,Raúl Jiménez,Raúl Jiménez,100.0
224411,Gonçalo Guedes,Gonçalo Guedes,100.0
190460,Christian Eriksen,Christian Eriksen,100.0
204935,Jordan Pickford,Jordan Pickford,100.0
229261,Denis Zakaria,Denis Zakaria,100.0
200458,Lucas Digne,Lucas Digne,100.0
220697,James Maddison,James Maddison,100.0
236276,Arnaut Danjuma,Arnaut Danjuma Groeneveld,100.0
239231,Cucurella,Marc Cucurella,100.0
212442,José Sá,José Sá,100.0
231677,Marcus Rashford,Marcus Rashford,100.0
216388,Allan Saint-Maximin,Allan Saint-Maximin,100.0
162347,João Moutinho,João Moutinho,100.0
193474,Idrissa Gueye,Idrissa Gueye,100.0
205498,Jorginho,Jorginho,100.0
236506,Marcos Senesi,Marcos Senesi,100.0
199652,Dennis Praet,Dennis Praet,100.0
248484,Nathan Collins,Nathan Collins,100.0
171972,James McArthur,James McArthur,100.0
180819,Adam Lallana,Adam Lallana,100.0
183130,Marc Albrighton,Marc Albrighton,100.0
186146,Danny Welbeck,Danny Welbeck,100.0
186156,Luke Ayling,Luke Ayling,100.0
189324,Alex McCarthy,Alex McCarthy,100.0
194201,Pontus Jansson,Pontus Jansson,100.0
195202,Tom Cairney,Tom Cairney,100.0
195668,Joel Robles Blázquez,Joel Robles,100.0
197756,Jordan Ayew,Jordan Ayew,100.0
201118,Cédric,Cédric Soares,100.0
203487,Jamaal Lascelles,Jamaal Lascelles,100.0
205346,Ryan Fredericks,Ryan Fredericks,100.0
205989,Calum Chambers,Calum Chambers,100.0
243702,Djed Spence,Djed Spence,100.0
242964,Anthony Gordon,Anthony Gordon,100.0
246923,Jacob Ramsey,Jacob Ramsey,100.0
220570,Jan Bednarek,Jan Bednarek,100.0
239360,Pascal Struijk,Pascal Struijk,100.0
239837,Alexis Mac Allister,Alexis Mac Allister,100.0
240947,Tyrick Mitchell,Tyrick Mitchell,100.0
241508,Mikkel Damsgaard,Mikkel Damsgaard,100.0
242434,Curtis Jones,Curtis Jones,100.0
243231,Enock Mwepu,Enock Mwepu,100.0
243282,Dwight McNeil,Dwight McNeil,100.0
205990,Harrison Reed,Harrison Reed,100.0
246791,Manor Solomon,Manor Solomon,100.0
211784,Neal Maupay,Neal Maupay,100.0
212501,Leander Dendoncker,Leander Dendoncker,100.0
220570,Jan Bednarek,Jan Bednarek,100.0
208450,Andreas Hugo Hoelgebaum Pereira,Andreas Pereira,100.0
192123,Chris Wood,Chris Wood,100.0
207948,Bertrand Traoré,Bertrand Traoré,100.0
247641,Mateus Tetê,Tetê,100.0
247827,Michael Olise,Michael Olise,100.0
206075,Sam Johnstone,Sam Johnstone,100.0
206516,Will Hughes,Will Hughes,100.0
206594,Solly March,Solly March,100.0
242418,Tariq Lamptey,Tariq Lamptey,100.0
243014,Bryan Mbeumo,Bryan Mbeumo,100.0
248808,Aaron Hickey,Aaron Hickey,100.0
251421,Brennan Johnson,Brennan Johnson,100.0
254470,Luke Thomas,Luke Thomas,100.0
256268,Armando Broja,Armando Broja,100.0
201510,Layvin Kurzawa,Layvin Kurzawa,100.0
241928,Albert Sambi Lokonga,Albert Sambi Lokonga,100.0
225782,Ainsley Maitland-Niles,Ainsley Maitland-Niles,100.0
245637,Georginio Rutter,Georginio Rutter,100.0
212811,Mario Lemina,Mario Lemina,100.0
176571,Ayew,Jordan Ayew,100.0
242964,Anthony Gordon,Anthony Gordon,100.0
201118,Cédric,Cédric Soares,100.0
241928,Albert Sambi Lokonga,Albert Sambi Lokonga,100.0
256035,Kamaldeen Sulemana,Kamaldeen Sulemana,100.0
231838,Maximilian Wöber,Maximilian Wöber,100.0
239015,Emmanuel Dennis,Emmanuel Dennis,100.0
238717,Ethan Pinnock,Ethan Pinnock,100.0
235883,Ryan Sessegnon,Ryan Sessegnon,100.0
207557,Robin Olsen,Robin Olsen,100.0
207998,Danny Ward,Danny Ward,100.0
213655,Alex Iwobi,Alex Iwobi,100.0
213991,Jefferson Lerma,Jefferson Lerma,100.0
220714,Philip Billing,Philip Billing,100.0
222104,Tosin Adarabioyo,Tosin Adarabioyo,100.0
222951,Marek Rodák,Marek Rodák,100.0
236015,Morgan Gibbs-White,Morgan Gibbs-White,100.0
223334,Joelinton,Joelinton,100.0
224494,Rico Henry,Rico Henry,100.0
225024,Mason Holgate,Mason Holgate,100.0
225539,Dominic Solanke,Dominic Solanke,100.0
230005,Tom Davies,Tom Davies,100.0
231044,Joe Aribo,Joe Ayodele-Aribo,100.0
234078,Orel Mangala,Orel Mangala,100.0
234824,Yoane Wissa,Yoane Wissa,100.0
224258,Kristoffer Ajer,Kristoffer Ajer,100.0
207494,Jesse Lingard,Jesse Lingard,100.0
236532,Robin Koch,Robin Koch,100.0
235945,Marc Roca Junqué,Marc Roca,100.0
233301,Rasmus Kristensen,Rasmus Kristensen,100.0
198329,Rodrigo,Rodrigo,100.0
232080,Jack Harrison,Jack Harrison,100.0
225719,Kelechi Iheanacho,Kelechi Iheanacho,100.0
224221,Joachim Andersen,Joachim Andersen,100.0
232223,Konstantinos Tsimikas,Konstantinos Tsimikas,100.0
230978,Taiwo Awoniyi,Taiwo Awoniyi,100.0
201417,Matt Doherty,Matt Doherty,100.0
190765,Pascal Groß,Pascal Groß,100.0
241202,Patson Daka,Patson Daka,100.0
210736,Emerson,Emerson,100.0
210625,Kevin Mbabu,Kevin Mbabu,100.0
228789,Robert Sanchéz,Robert Sánchez,100.0
220633,Demarai Gray,Demarai Gray,100.0
212678,Ludwig Augustinsson,Ludwig Augustinsson,100.0
210047,Fabian Schär,Fabian Schär,100.0
212228,Ivan Toney,Ivan Toney,100.0
225793,Ben Godfrey,Ben Godfrey,100.0
198784,Oxlade-Chamberlain,Alex Oxlade-Chamberlain,100.0
230977,Miguel Almirón,Miguel Almirón,100.0
234574,Diogo Dalot,Diogo Dalot,100.0
241159,Marc Guehi,Marc Guehi,100.0
247204,Emerson,Emerson,100.0
222501,Timothy Castagne,Timothy Castagne,100.0
189682,Ben Mee,Ben Mee,100.0
189615,Aaron Cresswell,Aaron Cresswell,100.0
242656,Illan Meslier,Illan Meslier,100.0
202750,Willy Boly,Willy Boly,100.0
194806,Craig Dawson,Craig Dawson,100.0
194806,Craig Dawson,Craig Dawson,100.0
247090,Enzo Fernández,Enzo Fernández,100.0
244176,Deniz Undav,Deniz Undav,100.0
245336,Max Kilman,Max Kilman,100.0
226380,Hee Chan Hwang,Hee-Chan Hwang,100.0
232104,Daniel James,Daniel James,100.0
227927,Kyle Walker-Peters,Kyle Walker-Peters,100.0
189165,Jonjo Shelvey,Jonjo Shelvey,100.0
241042,Oliver Skipp,Oliver Skipp,100.0
244915,Mohammed Salisu,Mohammed Salisu,100.0
210896,Morgan Sanson,Morgan Sanson,100.0
212602,Diego Llorente,Diego Llorente,100.0
212883,Daniel Amartey,Daniel Amartey,100.0
213051,Mohamed Elneny,Mohamed Elneny,100.0
213666,Ruben Loftus-Cheek,Ruben Loftus-Cheek,100.0
215590,Ayoze Pérez Gutiérrez,Ayoze Pérez,100.0
220196,David Brooks,David Brooks,100.0
210697,Christian Nørgaard,Christian Nørgaard,100.0
220710,Harry Wilson,Harry Wilson,100.0
226229,Thilo Kehrer,Thilo Kehrer,100.0
230918,Chalobah,Trevoh Chalobah,100.0
231318,Romain Perraud,Romain Perraud,100.0
231554,James Justin,James Justin,100.0
232999,Tyler Adams,Tyler Adams,100.0
233866,Odsonne Edouard,Odsonne Edouard,100.0
235794,Eberechi Eze,Eberechi Eze,100.0
220901,David Raya Martin,David Raya,100.0
236461,Jean-Philippe Mateta,Jean-Philippe Mateta,100.0
207807,Ryan Fraser,Ryan Fraser,100.0
203362,Mohamed Elyounoussi,Mohamed Elyounoussi,100.0
256958,Fábio Vieira,Fábio Vieira,100.0
228295,Rob Holding,Rob Holding,100.0
235036,Wout Faes,Wout Faes,100.0
198032,Dan Burn,Dan Burn,100.0
220523,Yerry Mina,Yerry Mina,100.0
231633,Issa Diop,Issa Diop,100.0
218659,Matt Targett,Matt Targett,100.0
207616,Adam Webster,Adam Webster,100.0
246785,Bryan Gil Salvatierra,Bryan Gil Salvatierra,100.0
186801,Kouyaté,Cheikhou Kouyaté,100.0
189165,Jonjo Shelvey,Jonjo Shelvey,100.0
172203,Fraser Forster,Fraser Forster,100.0
189456,Liam Cooper,Liam Cooper,100.0
192123,Chris Wood,Chris Wood,100.0
200759,Jeffrey Schlupp,Jeffrey Schlupp,100.0
202282,Stuart Armstrong,Stuart Armstrong,100.0
254796,Noni Madueke,Noni Madueke,100.0
212198,Bruno Fernandes,Bruno Fernandes,100.0
204485,Riyad Mahrez,Riyad Mahrez,100.0
189509,Thiago,Thiago Alcántara,100.0
233486,Robin Le Normand,Robin Le Normand,100.0
205632,Lucas Ocampos,Lucas Ocampos,100.0
179813,Cavani,Edinson Cavani,100.0
208421,Saúl,Saúl Ñíguez,100.0
229668,Mario Hermoso,Mario Hermoso,100.0
189271,Francis Coquelin,Francis Coquelin,100.0
212462,Alex Telles,Alex Telles,100.0
216475,Morales,Morales,100.0
178213,Etienne Capoue,Etienne Capoue,100.0
224309,Joan Jordán,Joan Jordán,100.0
171579,Raúl García,Raúl García,100.0
217036,Álex Moreno,Álex Moreno,100.0
201153,Morata,Álvaro Morata,100.0
232665,Mauro Arambarri,Mauro Arambarri,100.0
227950,Yeray,Yeray Álvarez,100.0
225659,Guido Rodríguez,Guido Rodríguez,100.0
207863,Felipe,Felipe,100.0
224179,Borja Iglesias,Borja Iglesias,100.0
240243,Matheus Cunha,Matheus Cunha,100.0
201305,Gabriel Paulista,Gabriel,100.0
204525,Iñigo Martínez,Iñigo Martínez,100.0
215316,Gerónimo Rulli,Gerónimo Rulli,100.0
241461,Ferrán Torres,Ferrán Torres,100.0
236276,Arnaut Danjuma,Arnaut Danjuma Groeneveld,100.0
227127,Álex Remiro,Remiro,100.0
223952,David Soria,David Soria,100.0
199564,Sergi Roberto,Sergi Roberto,100.0
213661,Andreas Christensen,Andreas Christensen,100.0
157481,Raúl Albiol,Raúl Albiol,100.0
243812,Rodrygo,Rodrygo,100.0
208618,Lucas Vázquez,Lucas Vázquez,100.0
193165,Jesús Corona,Jesús Corona,100.0
216201,Iñaki Williams,Iñaki Williams,100.0
193283,Thomas Delaney,Thomas Delaney,100.0
226226,Giovani Lo Celso,Giovani Lo Celso,100.0
226221,Aritz Elustondo,Aritz Elustondo,100.0
245279,Reguilón,Sergio Reguilón,100.0
219522,Ledesma,Jeremías Ledesma,100.0
231591,Javi Galán,Javi Galán,100.0
234426,Marcão,Marcão,100.0
248148,Zubimendi,Martín Zubimendi,100.0
246172,Samuel Chukwueze,Samuel Chukwueze,100.0
206545,Manu Trigueros,Manu Trigueros,100.0
236045,Reinildo,Reinildo,100.0
235997,Fran Beltrán,Fran Beltrán,100.0
211022,Rubén García,Rubén García,100.0
220253,Munir,Munir,100.0
217940,Dakonam Djené,Djené Dakonam,100.0
225341,David García,David García,100.0
146748,Diego López,Diego López,100.0
202651,Suso,Suso,100.0
45186,Joaquín,Joaquín,100.0
177413,Axel Witsel,Axel Witsel,100.0
203747,Héctor Bellerín,Héctor Bellerín,100.0
197891,Juanmi,Juanmi,100.0
236355,Luiz Felipe,Luiz Felipe,100.0
183512,Yuri Berchiche,Yuri,100.0
205192,Denis Suárez,Denis Suárez,100.0
201095,Agustín Marchesín,Agustín Marchesín,100.0
235410,Youssef En-Nesyri,Youssef En-Nesyri,100.0
210385,Rui Silva,Rui Silva,100.0
207566,William Carvalho,William Carvalho,100.0
173608,Joselu,Joselu,100.0
244369,Viktor Tsygankov,Viktor Tsygankov,100.0
253004,Anssumane Fati,Anssumane Fati,100.0
248243,Camavinga,Eduardo Camavinga,100.0
231340,Gonzalo Montiel,Gonzalo Montiel,100.0
173030,Óscar Trejo,Óscar Trejo,100.0
170368,Erik Lamela,Erik Lamela,100.0
242201,Luis Milla,Luis Milla,100.0
191740,Ander Herrera,Ander Herrera,100.0
220673,Renato Tapia,Renato Tapia,100.0
231628,Rafa Mir,Rafa Mir,100.0
193198,Nemanja Gudelj,Nemanja Gudelj,100.0
178750,Sergio Asenjo,Sergio Asenjo,100.0
228520,Ezequiel Ávila,Ezequiel Ávila,100.0
237221,Juan Foyth,Juan Foyth,100.0
201455,Geoffrey Kondogbia,Geoffrey Kondogbia,100.0
197781,Isco,Isco,100.0
229593,Marko Pjaca,Marko Pjaca,100.0
230681,Giuseppe Pezzella,Giuseppe Pezzella,100.0
237003,Samuele Birindelli,Samuele Birindelli,100.0
193091,Bram Nuytinck,Bram Nuytinck,100.0
239964,Eldor Shomurodov,Eldor Shomurodov,100.0
165153,Karim Benzema,Karim Benzema,100.0
188545,Robert Lewandowski,Robert Lewandowski,100.0
192119,Thibaut Courtois,Thibaut Courtois,100.0
200389,Jan Oblak,Jan Oblak,100.0
182521,Toni Kroos,Toni Kroos,100.0
192448,ter Stegen,Marc-André ter Stegen,100.0
177003,Luka Modric,Luka Modric,100.0
228702,Frenkie de Jong,Frenkie de Jong,100.0
205452,Antonio Rüdiger,Antonio Rüdiger,100.0
238794,Vinícius Júnior,Vinícius Júnior,100.0
223113,Krzysztof Piatek,Krzysztof Piatek,100.0
205343,Jean-Daniel Akpa Akpro,Jean-Daniel Akpa-Akpro,100.0
196889,Simone Verdi,Simone Verdi,100.0
253290,Matias Viña,Matias Viña,100.0
219932,Antonio Sanabria,Antonio Sanabria,100.0
220477,Mattia Caldara,Mattia Caldara,100.0
222262,Cyriel Dessers,Cyriel Dessers,100.0
225439,Rolando Mandragora,Rolando Mandragora,100.0
225844,Daniele Verde,Daniele Verde,100.0
226536,Omar Colley,Omar Colley,100.0
234112,Dodô,Dodô,100.0
208722,Sadio Mané,Sadio Mané,100.0
235842,Andrea Pinamonti,Andrea Pinamonti,100.0
238621,Rodrigo Becão,Rodrigo Becão,100.0
239964,Eldor Shomurodov,Eldor Shomurodov,100.0
241854,Perr Schuurs,Perr Schuurs,100.0
243627,Yacine Adli,Yacine Adli,100.0
244206,Nehuén Pérez,Nehuén Pérez,100.0
245426,Marash Kumbulla,Marash Kumbulla,100.0
246431,Riccardo Sottil,Riccardo Sottil,100.0
235949,Strefezza,Gabriel Strefezza,100.0
189513,Parejo,Daniel Parejo,100.0
251854,Pedri,Pedri,100.0
224334,Marcos Acuña,Marcos Acuña,100.0
146536,Jesús Navas,Jesús Navas,100.0
241464,Pau Torres,Pau Torres,100.0
228618,Ferland Mendy,Ferland Mendy,100.0
220834,Marco Asensio,Marco Asensio,100.0
231443,Ousmane Dembélé,Ousmane Dembélé,100.0
168542,David Silva,David Silva,100.0
225193,Merino,Mikel Merino,100.0
230869,Unai Simón,Unai Simón,100.0
214997,Ángel Correa,Ángel Correa,100.0
194765,Antoine Griezmann,Antoine Griezmann,100.0
213565,Thomas Lemar,Thomas Lemar,100.0
210315,De Tomás,Raúl de Tomás,100.0
152729,Gerard Piqué,Gerard Piqué,100.0
184134,Fernando Reges,Fernando,100.0
216460,Giménez,Giménez,100.0
200724,Nacho Fernández,Nacho,100.0
233419,Raphinha,Raphinha,100.0
202648,Sergi Darder,Sergi Darder,100.0
189575,Muniain,Muniain,100.0
212616,De Paul,Rodrigo de Paul,100.0
208418,Yannick Carrasco,Yannick Carrasco,100.0
189511,Sergio Busquets,Sergio Busquets,100.0
216594,Nabil Fekir,Nabil Fekir,100.0
202556,Memphis Depay,Memphis Depay,100.0
192629,Iago Aspas,Iago Aspas,100.0
208093,Gerard Moreno,Gerard Moreno,100.0
189332,Jordi Alba Ramos,Jordi Alba,100.0
190286,Canales,Sergio Canales,100.0
202556,Memphis Depay,Memphis Depay,100.0
239053,Federico Valverde,Federico Valverde,100.0
241486,Jules Koundé,Jules Koundé,100.0
204963,Carvajal,Daniel Carvajal,100.0
183277,Eden Hazard,Eden Hazard,100.0
230142,Oyarzabal,Mikel Oyarzabal,100.0
226161,Marcos Llorente,Marcos Llorente,100.0
230938,Kessié,Franck Kessié,100.0
242444,João Félix,João Félix,100.0
240900,Unai Núñez,Unai Núñez,100.0
192638,Marcos Alonso Mendoza,Marcos Alonso,100.0
205192,Denis Suárez,Denis Suárez,100.0
192816,Leandro Cabrera,Leandro Cabrera,100.0
194644,Martín Montoya Torralbo,Martín Montoya,100.0
203177,Dimitri Foulquier,Dimitri Foulquier,100.0
203581,Iván Balliu,Iván Balliu,100.0
205288,Fernando Martínez Rubio,Fernando Martínez,100.0
205495,Anthony Lozano,Anthony Lozano,100.0
208137,Lucas Torró Marset,Lucas Torró,100.0
208620,Omar Mascarell González,Omar Mascarell,100.0
219585,Martin Valjent,Martin Valjent,100.0
219953,Embarba,Adrián Embarba,100.0
221832,Lucas Olaza,Lucas Olaza,100.0
222390,Unai López Cabrera,Unai López,100.0
223578,Jaime Mata Arnaiz,Jaime Mata,100.0
223710,Vedat Muriqi,Vedat Muriqi,100.0
225523,Iñigo Lekue Martínez,Iñigo Martínez,100.0
192678,Kike García,Kike García,100.0
190223,Mikel Balenziaga,Balenziaga,100.0
243952,Andriy Lunin,Andriy Lunin,100.0
225161,Vallejo,Jesús Vallejo,100.0
246113,Adrià Giner Pedrosa,Adrià Pedrosa,100.0
246284,Óscar Gil Regaño,Óscar Gil,100.0
247500,Edgar González Estrada,Edgar González,100.0
247832,Thierry Rendall Correia,Thierry Correia,100.0
251412,Shon Weissman,Shon Weissman,100.0
193290,Martin Braithwaite,Martin Braithwaite,100.0
216549,Alexander Sørloth,Alexander Sørloth,100.0
228716,Kevin Vázquez Comesaña,Kevin,100.0
236920,Justin Kluivert,Justin Kluivert,100.0
215639,Robert Kenedy Nunes do Nascimento,Kenedy,100.0
245158,Suárez,Luis Suárez,100.0
241707,Pape Gueye,Pape Alassane Gueye,100.0
215590,Ayoze Pérez Gutiérrez,Ayoze Pérez,100.0
193408,Haris Seferovic,Haris Seferovic,100.0
207732,Roger Martí Salvador,Roger,100.0
219391,Gonzalo Escalante,Gonzalo Escalante,100.0
191180,Javier Pastore,Javier Pastore,100.0
231280,Iván Alejo Peralta,Iván Alejo,100.0
235781,Santiago Comesaña Veiga,Santiago Comesaña,100.0
235875,Pol Mikel Lirola Kosok,Pol Lirola,100.0
215914,N'Golo Kanté,N&#039;Golo Kanté,100.0
239085,Erling Haaland,Erling Haaland,100.0
218667,Bernardo Silva,Bernardo Silva,100.0
239818,Rúben Dias,Rúben Dias,100.0
210514,João Cancelo,João Cancelo,100.0
193041,Keylor Navas,Keylor Navas,100.0
193080,David De Gea,David de Gea,100.0
210257,Ederson,Ederson,100.0
167948,Hugo Lloris,Hugo Lloris,100.0
201024,Kalidou Koulibaly,Kalidou Koulibaly,100.0
231866,Rodri,Rodri,100.0
216267,Andrew Robertson,Andrew Robertson,100.0
209499,Fabinho,Fabinho,100.0
212218,Aymeric Laporte,Aymeric Laporte,100.0
164240,Thiago Silva,Thiago Silva,100.0
202652,Raheem Sterling,Raheem Sterling,100.0
231281,Trent Alexander-Arnold,Trent Alexander-Arnold,100.0
244675,Oihan Sancet Tirapu,Oihan Sancet,100.0
202126,Harry Kane,Harry Kane,100.0
200145,Casemiro,Casemiro,100.0
240654,Carles Pérez Sayol,Carles Pérez,100.0
241775,Jawad El Yamiq,Jawad El Yamiq,100.0
242336,Álvaro Aguado Méndez,Álvaro Aguado,100.0
245598,Iddrisu Baba,Iddrisu Baba,100.0
246606,Fran García,Fran García,100.0
246748,Aihen Muñoz Capellán,Aihen Muñoz,100.0
247495,Jon Moncayola Tollar,Jon Moncayola,100.0
212831,Alisson,Alisson,100.0
255069,Nico González,Nico González,100.0
202445,Rodrigo Ely,Rodrigo Ely,100.0
251445,Samuel Dias Lino,Samuel Lino,100.0
192985,Kevin De Bruyne,Kevin De Bruyne,100.0
209331,Mohamed Salah,Mohamed Salah,100.0
203376,Virgil van Dijk,Virgil van Dijk,100.0
20801,Cristiano Ronaldo,Cristiano Ronaldo,100.0
200104,Heung Min Son,Son Heung-Min,100.0
187924,Clément Grenier,Clément Grenier,100.0
243976,Catena,Alejandro Catena,100.0
240915,Juan Miranda González,Juan Miranda,100.0
240458,Ander Guevara Lajo,Ander Guevara,100.0
229980,Montes,César Montes,100.0
209960,Pacheco,Fernando Pacheco,100.0
243032,Hugo Duro,Hugo Duro,100.0
222509,Dani Ceballos,Dani Ceballos,100.0
216189,Capa,Ander Capa,100.0
222041,Lucas Boyé,Lucas Boyé,100.0
247328,Unai Vencedor,Unai Vencedor,100.0
199576,Oriol Romeu Vidal,Oriol Romeu,100.0
186537,Cristhian Stuani,Cristhian Stuani,100.0
214026,Johan Mojica,Johan Mojica,100.0
205566,Alberto Moreno,Alberto Moreno,100.0
262621,Giorgi Mamardashvili,Giorgi Mamardashvili,100.0
190149,De Marcos,De Marcos,100.0
247181,Gonzalo Plata,Gonzalo Plata,100.0
203843,Damián Suárez,Damián Suárez,100.0
189172,Fidel,Fidel,100.0
171897,Andrés Guardado,Andrés Guardado,100.0
235944,Brais Méndez,Brais Méndez,100.0
230021,Joseph Aidoo,Joseph Aidoo,100.0
208777,Óliver Torres,Óliver Torres,100.0
234035,Odriozola,Álvaro Odriozola,100.0
233738,Zubeldia,Igor Zubeldia,100.0
205070,Portu,Portu,100.0
244622,Puado,Javi Puado,100.0
174543,Claudio Bravo,Claudio Bravo,100.0
247131,Alfonso Espino,Alfonso,100.0
233084,Nahuel Molina,Nahuel Molina,100.0
193469,Víctor Ruiz Torre,Víctor Ruiz,100.0
211241,Rubén Peña,Rubén Peña,100.0
223197,Enes Ünal,Enes Ünal,100.0
223061,Franco Cervi,Franco Cervi,100.0
195093,Willian José,Willian José,100.0
224003,Sergio Herrera,Sergio Herrera,100.0
211348,Stole Dimitrievski,Stole Dimitrievski,100.0
209960,Pacheco,Fernando Pacheco,100.0
221342,Pablo Maffeo,Pablo Maffeo,100.0
199354,Lucas Pérez,Lucas Pérez,100.0
216065,Marco Sportiello,Marco Sportiello,100.0
193314,Aitor Fernández,Aitor Fernández,100.0
231627,Umar Sadiq,Umar Sadiq,100.0
199247,Álex Fernández,Álex Fernández,100.0
204277,Roque Mesa Quevedo,Roque Mesa,100.0
206651,Roberto Torres Morales,Roberto Torres,100.0
207732,Roger Martí Salvador,Roger,100.0
215160,Fabrizio Angileri,Fabrizio Angileri,100.0
215699,Youssouf Sabaly,Youssouf Sabaly,100.0
216447,Álvaro García Rivera,Álvaro García,100.0
198451,Dani Rodríguez,Dani Rodríguez,100.0
220132,Zaldúa,Zaldúa,100.0
225926,Pere Milla Peña,Pere Milla,100.0
229788,Rubén Alcaraz Jiménez,Rubén Alcaraz,100.0
234060,Yangel Herrera,Yangel Herrera,100.0
235008,Lucas Robertone,Lucas Robertone,100.0
237184,Keidi Bare,Keidi Bare,100.0
239335,Óscar Rodríguez Arnaiz,Óscar Rodríguez,100.0
240359,Omar Alderete,Omar Alderete,100.0
220414,Diego Rico Salguero,Diego Rico,100.0
232498,Isi,Isi Palazón,100.0
193171,Jaume Costa,Jaume Costa,100.0
188335,Ante Budimir,Ante Budimir,100.0
197948,Florian Lejeune,Florian Lejeune,100.0
200726,Benjamin Lecomte,Benjamin Lecomte,100.0
190584,Asier Illarramendi,Asier Illarramendi,100.0
228687,Kasper Dolberg,Kasper Dolberg,100.0
205193,Karim Rekik,Karim Rekik,100.0
224116,Dyego Sousa,Dyego Sousa,100.0
201505,David López,David López,100.0
189472,Aridane,Aridane Hernández,100.0
146439,Negredo,Álvaro Negredo,100.0
234835,Domingos Duarte,Domingos Duarte,100.0
193601,Germán Pezzella,Germán Pezzella,100.0
194229,Hugo Mallo,Hugo Mallo,100.0
246785,Bryan Gil Salvatierra,Bryan Gil Salvatierra,100.0
201417,Matt Doherty,Matt Doherty,100.0
212678,Ludwig Augustinsson,Ludwig Augustinsson,100.0
167397,Radamel Falcao,Falcao,100.0
241049,Gorosabel,Andoni Gorosabel,100.0
167495,Manuel Neuer,Manuel Neuer,100.0
104389,Rune Almenning Jarstein,Rune Jarstein,55.81395348837209
169697,Darren Randolph,Darren Randolph,58.333333333333336
230043,Faitout Maouassa,Faitout Maouassa,60.0
230727,Gautier Larsonneur,Gautier Larsonneur,60.0
204529,Michy Batshuayi,Michy Batshuayi,62.06896551724138
184484,Gylfi Sigurðsson,Gylfi Sigurdsson,62.5
163264,Tom Heaton,Tom Heaton,63.63636363636363
203775,Loris Karius,Loris Karius,64.0
180206,Miralem Pjanic,Miralem Pjanic,64.28571428571428
226078,Mahmoud Hassan,Trézéguet,66.66666666666666
234102,Ionuț Andrei Radu,Ionut Radu,66.66666666666666
211101,Rubén Blanco Veiga,Rubén Blanco,66.66666666666666
199561,Manuel Agudo Durán,Nolito,66.66666666666666
242816,Ricard Puig Martí,Riqui Puig,66.66666666666666
191076,Guðmundsson,Albert Gudmundsson,68.9655172413793
233631,Amath Ndiaye,Amath Diedhiou,69.23076923076923
233267,Matt Turner,Matt Turner,69.56521739130434
236817,Habib Maïga,Digbo Maiga,69.56521739130434
205966,Amin Younes,Amin Younes,69.56521739130434
244253,Uroš Račić,Uros Racic,70.0
234772,Salvador Sánchez Ponce,Salvi Sánchez,70.0
188103,Rochina Naixes,Rubén Rochina,70.0
199715,Víctor Machín Pérez,Víctor Ruiz,70.58823529411765
201400,Rafael Alcântara,Rafinha,70.58823529411765
242348,Lorenzo Morón García,Loren Morón,70.96774193548387
189485,Diego Farías da Silva,Diego Farias,71.42857142857143
228819,Matías Vargas,Matías Vargas,72.0
187936,Steven Nzonzi,Steven N'Zonzi,72.0
177604,Ignacio Monreal Eraso,Nacho Monreal,72.22222222222223
212623,Santiago Mina Lorenzo,Santiago Arias,72.72727272727272
189860,Francisco Femenía Far,Kiko Femenía,73.6842105263158
241686,Manuel Vallejo Galván,Manu Vallejo,73.6842105263158
229628,Rafael Jiménez Jarque,Raúl Jiménez,73.6842105263158
239207,Maximiliano Gómez,Maxi Gómez,74.07407407407408
158144,Salvador Sevilla López,Salva Sevilla,74.28571428571428
202493,Vidal Parreu,Arturo Vidal,75.0
246960,Mohamed Ihattaren,Mohamed Simakan,75.0
190143,Cote,Coke,75.0
146530,Alves da Silva,Damien Da Silva,75.86206896551724
140293,Antonio Mirante,Antonio Sivera,75.86206896551724
221014,Carlos Fernández Luna,Álex Fernández,78.26086956521739
198710,James Rodríguez,Jay Rodriguez,78.57142857142857
201860,Ermin Bičakčić,Ermin Bicakcic,78.57142857142857
188829,Nicolas Nkoulou,Nicolas N&#039;Koulou,80.0
252084,Marcos André,De Marcos,80.0
231887,Yusuf Yazıcı,Yusuf Yazici,83.33333333333333
200647,Josip Iličić,Josip Ilicic,83.33333333333333
230717,Tino Kadewere,Tinotenda Kadewere,83.87096774193549
199005,Mathew Ryan,Mat Ryan,84.21052631578948
238370,Marin Pongračić,Marin Pongracic,86.66666666666667
221016,Nikola Vukčević,Nikola Vukcevic,86.66666666666667
222943,Jony,Jonny,88.88888888888889
228509,Jeff Reine-Adélaïde,Jeff Reine-Adelaide,89.47368421052632
192086,Alexandr Kokorin,Aleksandr Kokorin,90.9090909090909
191135,Lago Júnior,Lago Junior,90.9090909090909
208295,Romain Saïss,Romain Saiss,91.66666666666669
124375,Burak Yılmaz,Burak Yilmaz,91.66666666666669
205201,Okay Yokuşlu,Okay Yokuslu,91.66666666666669
235353,Ismaïla Sarr,Ismaila Sarr,91.66666666666669
184873,Ismaël Traoré,Ismael Traoré,92.3076923076923
203890,Šime Vrsaljko,Sime Vrsaljko,92.3076923076923
201042,Djibril Sidibé,Djibril Sidibe,92.85714285714286
231416,Dodi Lukébakio,Dodi Lukebakio,92.85714285714286
185431,Nikola Kalinić,Nikola Kalinic,92.85714285714286
236221,Darko Brašanac,Darko Brasanac,92.85714285714286
221269,Jaïro Riedewald,Jairo Riedewald,93.33333333333331
206304,Luka Milivojević,Luka Milivojevic,93.75
252000,Domagoj Bradarić,Domagoj Bradaric,93.75
240240,Jean-Pierre Nsame,Jean-Pierre Nsamé,94.11764705882354
199254,João Pedro,Pedro,100.0
183427,Fabian Delph,Fabian Delph,100.0
176266,Lucas Pezzini Leiva,Lucas Leiva,100.0
182493,Diego Godín,Diego Godín,100.0
139068,Nani,Nani,100.0
208596,Andrea Belotti,Andrea Belotti,100.0
181872,Arturo Vidal,Arturo Vidal,100.0
192774,Kostas Manolas,Kostas Manolas,100.0
175943,Dries Mertens,Dries Mertens,100.0
138956,Giorgio Chiellini,Giorgio Chiellini,100.0
198219,Lorenzo Insigne,Lorenzo Insigne,100.0
243631,Mahdi Camara,Mahdi Camara,100.0
237960,Mama Samba Baldé,Mama Baldé,100.0
237626,Yvan Neyou,Yvan Neyou,100.0
237034,Juan Camilo Hernández,Juan Camilo Hernández,100.0
185020,José Callejón,José Callejón,100.0
212151,Thomas Strakosha,Thomas Strakosha,100.0
185103,Aleksandar Kolarov,Aleksandar Kolarov,100.0
173373,Sergio Romero,Sergio Romero,100.0
205850,Leonardo Pavoletti,Leonardo Pavoletti,100.0
200353,Adama Soumaoro,Adama Soumaoro,100.0
200054,Pedro Mba Obiang Avomo,Pedro,100.0
193133,Jens Stryger Larsen,Jens Stryger Larsen,100.0
190778,Jeroen Zoet,Jeroen Zoet,100.0
149185,Francesco Magnanelli,Francesco Magnanelli,100.0
205407,Daniele Baselli,Daniele Baselli,100.0
223329,Andrea Conti,Andrea Conti,100.0
235149,Jerdy Schouten,Jerdy Schouten,100.0
230613,Amadou Diawara,Amadou Diawara,100.0
215785,Keita Baldé,Keita,100.0
210384,Ridgeciano Haps,Ridgeciano Haps,100.0
202685,Simone Zaza,Simone Zaza,100.0
201144,Milan Badelj,Milan Badelj,100.0
193352,Ricardo Rodríguez,Ricardo Rodríguez,100.0
189712,Kevin Strootman,Kevin Strootman,100.0
189296,Etrit Berisha,Etrit Berisha,100.0
184826,Adrien Silva,Adrien Silva,100.0
173208,Domenico Criscito,Domenico Criscito,100.0
191011,Luigi Sepe,Luigi Sepe,100.0
230965,Nahitan Nández,Nahitan Nández,100.0
217196,José Luis Palomino,José Luis Palomino,100.0
201454,Faouzi Ghoulam,Faouzi Ghoulam,100.0
244193,Jovane Cabral,Jovane Cabral,100.0
175254,Felipe Caicedo,Felipe Caicedo,100.0
173306,Cristian Ansaldi,Cristian Ansaldi,100.0
216145,Armando Izzo,Armando Izzo,100.0
212404,Federico Bernardeschi,Federico Bernardeschi,100.0
176550,David Ospina,David Ospina,100.0
198031,Sérgio Oliveira,Sérgio Oliveira,100.0
235634,Ghislain Konan,Ghislain Konan,100.0
192722,Romain Hamouma,Romain Hamouma,100.0
228732,Harold Moukoudi,Harold Moukoudi,100.0
215223,Walter Benítez,Walter Benítez,100.0
202166,Julian Draxler,Julian Draxler,100.0
201399,Mauro Icardi,Mauro Icardi,100.0
238370,Marin Pongracic,Marin Pongracic,100.0
222148,Ondrej Duda,Ondrej Duda,100.0
216452,Gonçalo Paciência,Gonçalo Paciência,100.0
216380,Daley Sinkgraven,Daley Sinkgraven,100.0
215449,Robert Skov,Robert Skov,100.0
211899,Florian Niederlechner,Florian Niederlechner,100.0
211862,André Hahn,André Hahn,100.0
204472,Bouna Sarr,Bouna Sarr,100.0
189433,Benjamin Hübner,Benjamin Hübner,100.0
183580,Nils Petersen,Nils Petersen,100.0
202429,Danny da Costa,Danny da Costa,100.0
233848,Jens Petter Hauge,Jens Petter Hauge,100.0
226853,Jeremiah St. Juste,Jeremiah St. Juste,100.0
201982,Jonathan Schmid,Jonathan Schmid,100.0
190243,Marwin Hitz,Marwin Hitz,100.0
238476,Dan-Axel Zagadou,Dan-Axel Zagadou,100.0
173909,Kevin-Prince Boateng,Kevin-Prince Boateng,100.0
189606,Julian Baumgartlinger,Julian Baumgartlinger,100.0
197837,Dedryck Boyata,Dedryck Boyata,100.0
243414,Brandon Williams,Brandon Williams,100.0
220182,Jason Denayer,Jason Denayer,100.0
210537,Renato Steffen,Renato Steffen,100.0
200536,Nico Schulz,Nico Schulz,100.0
181098,Makoto Hasebe,Makoto Hasebe,100.0
205995,Jetro Willems,Jetro Willems,100.0
242794,Imran Louza,Imran Louza,100.0
192665,Andreas Luthe,Andreas Luthe,100.0
200316,Timo Horn,Timo Horn,100.0
228336,Florian Grillitsch,Florian Grillitsch,100.0
202935,Álvaro,Álvaro Vadillo,100.0
193348,Xherdan Shaqiri,Xherdan Shaqiri,100.0
165229,Laurent Koscielny,Laurent Koscielny,100.0
225951,Denis Bouanga,Denis Bouanga,100.0
239529,Frank Onyeka,Frank Onyeka,100.0
238227,Krépin Diatta,Krépin Diatta,100.0
204077,M'Baye Niang,M&#039;Baye Niang,100.0
241497,Colin Dagba,Colin Dagba,100.0
203741,Thomas Delaine,Thomas Delaine,100.0
222715,Otávio,Paulo Otávio,100.0
177358,Morgan Schneiderlin,Morgan Schneiderlin,100.0
203736,Stéphane Bahoken,Stéphane Bahoken,100.0
209430,Renaud Ripart,Renaud Ripart,100.0
209781,Pierrick Capelle,Pierrick Capelle,100.0
221919,Arbër Zeneli,Arbër Zeneli,100.0
223570,Junior Sambia,Junior Sambia,100.0
224444,Haris Belkebla,Haris Belkebla,100.0
207790,Kaan Ayhan,Kaan Ayhan,100.0
235565,Dylan Bronn,Dylan Bronn,100.0
212260,Ui Jo Hwang,Hwang Ui-Jo,100.0
201976,Alfred Gomis,Alfred Gomis,100.0
176772,Alexandre Oukidja,Alexandre Oukidja,100.0
195096,Fransérgio,Fransérgio,100.0
216643,Léo Dubois,Léo Dubois,100.0
180334,Marcelo,Marcelo Saracchi,100.0
179789,Damien Da Silva,Damien Da Silva,100.0
236477,Alexis Claude-Maurice,Alexis Claude Maurice,100.0
210438,Farid Boulaya,Farid Boulaya,100.0
236593,Calvin Stengs,Calvin Stengs,100.0
219681,Jordan Amavi,Jordan Amavi,100.0
240060,Max Aarons,Max Aarons,100.0
162895,Cesc Fàbregas,Cesc Fàbregas,100.0
184190,Romain Thomas,Romain Thomas,100.0
193683,Xavier Chavalerin,Xavier Chavalerin,100.0
200677,Pedro Mendes,Pedro,100.0
236639,Xeka,Xeka,100.0
213629,Erick Pulgar,Erick Pulgar,100.0
199823,José Gómez Campaña,José Campaña,100.0
225748,Todd Cantwell,Todd Cantwell,100.0
202849,Jannik Vestergaard,Jannik Vestergaard,100.0
189280,Ashley Westwood,Ashley Westwood,100.0
178088,Juan Manuel Mata García,Juan Mata,100.0
163155,Ben Foster,Ben Foster,100.0
152908,Ashley Young,Ashley Young,100.0
204884,Benjamin Mendy,Benjamin Mendy,100.0
190456,Nathaniel Clyne,Nathaniel Clyne,100.0
223959,Lucas Torreira,Lucas Torreira,100.0
211117,Dele Alli,Dele Alli,100.0
225953,Steven Bergwijn,Steven Bergwijn,100.0
199914,Allan Marques Loureiro,Allan,100.0
135507,Fernandinho,Fernandinho,100.0
237681,Takefusa Kubo,Takefusa Kubo,100.0
261204,Myrto Uzuni,Myrto Uzuni,100.0
259694,Óscar Mingueza García,Óscar Mingueza,100.0
241827,Martín Aguirregabiria,Martín Aguirregabiria,100.0
240289,Fernando Calero Villa,Fernando,100.0
207935,Matías Dituro,Matías Dituro,100.0
209289,Kévin Manuel Rodrigues,Kévin Rodrigues,100.0
198861,Nampalys Mendy,Nampalys Mendy,100.0
211382,Ibrahim Amadou,Ibrahim Amadou,100.0
211706,Pere Pons Riera,Pere Pons,100.0
214639,Sergio Postigo Redondo,Sergio Postigo,100.0
246147,Mason Greenwood,Mason Greenwood,100.0
215061,Darío Benedetto,Darío Benedetto,100.0
220604,Jaume Domenech Sánchez,Jaume,100.0
221445,Lei Wu,Wu Lei,100.0
225028,Nemanja Radoja,Nemanja Radoja,100.0
234178,Luis Abram,Luis Abram,100.0
234789,Yan Brice Eteki,Yan Eteki,100.0
239592,José Juan Macías,José Macías,100.0
219576,Rodrigo Battaglia,Rodrigo Battaglia,100.0
201939,Cristiano Piccini,Cristiano Piccini,100.0
234777,Zack Steffen,Zack Steffen,100.0
189250,Salomón Rondón,Salomón Rondón,100.0
183129,Ciaran Clark,Ciaran Clark,100.0
173546,James Tomkins,James Tomkins,100.0
185422,Joshua King,Joshua King,100.0
169595,Danny Rose,Danny Rose,100.0
152879,Mark Noble,Mark Noble,100.0
186905,Ashley Barnes,Ashley Barnes,100.0
206115,Isaac Hayden,Isaac Hayden,100.0
216433,Anwar El Ghazi,Anwar El Ghazi,100.0
232381,Wesley,Wesley,100.0
222404,Mathias Normann,Mathias Normann,100.0
244778,Trincão,Trincão,100.0
239890,Ozan Kabak,Ozan Kabak,100.0
223154,Ozan Tufan,Ozan Tufan,100.0
221841,Adam Armstrong,Adam Armstrong,100.0
220659,Josh Brownhill,Josh Brownhill,100.0
204760,Charlie Taylor,Charlie Taylor,100.0
199633,Matthew Lowton,Matthew Lowton,100.0
190875,Juraj Kucka,Juraj Kucka,100.0
194932,Andros Townsend,Andros Townsend,100.0
212491,Arthur Masuaku,Arthur Masuaku,100.0
214947,Jean-Philippe Gbamin,Jean-Philippe Gbamin,100.0
229167,Milot Rashica,Milot Rashica,100.0
220421,Hassane Kamara,Hassane Kamara,100.0
170597,Tim Krul,Tim Krul,100.0
190324,Christian Kabasele,Christian Kabasele,100.0
169705,Ryan Bertrand,Ryan Bertrand,100.0
169706,Jack Cork,Jack Cork,100.0
190362,Teemu Pukki,Teemu Pukki,100.0
193331,Karl Darlow,Karl Darlow,100.0
194794,Andriy Yarmolenko,Andriy Yarmolenko,100.0
198719,Nathan Redmond,Nathan Redmond,100.0
164859,Theo Walcott,Theo Walcott,100.0
192667,Allan-Roméo Nyom,Nyom,100.0
146947,Mikel Vesga Arruti,Mikel Vesga,100.0
221639,Mariano Díaz Mejía,Mariano,100.0
177633,Ángel,Ángel Correa,100.0
204259,Santiago Arias,Santiago Arias,100.0
237239,Enis Bardhi,Enis Bardhi,100.0
200315,Cristian Tello Herrera,Cristian Tello,100.0
198230,Germán,Germán Pezzella,100.0
192789,Mario Gaspar,Mario,100.0
189805,Luuk de Jong,Luuk de Jong,100.0
189560,Iborra,Vicente Iborra,100.0
186682,Ángel Montoro Sánchez,Montoro,100.0
197853,Serge Aurier,Serge Aurier,100.0
172522,Daniel Wass,Daniel Wass,100.0
201922,Martin Hinteregger,Martin Hinteregger,100.0
198141,Marc Bartra Aregall,Marc Bartra,100.0
176676,Marcelo Vieira da Silva,Marcelo,100.0
210463,Darwin Machís,Darwin Machís,100.0
208330,Adnan Januzaj,Adnan Januzaj,100.0
200454,Paco Alcácer,Paco Alcácer,100.0
239795,Caleb Ekuban,Caleb Ekuban,100.0
178091,Stefano Okaka,Stefano Okaka,100.0
242392,Giangiacomo Magnani,Giangiacomo Magnani,100.0
205531,Valerio Verre,Valerio Verre,100.0
179847,Federico Fazio,Federico Fazio,100.0
183900,Perotti,Diego Perotti,100.0
194222,Laguardia,Víctor Laguardia,100.0
243656,Nemanja Radonjic,Nemanja Radonjic,100.0
153079,Sergio Agüero,Sergio Agüero,100.0
173731,Gareth Bale,Gareth Bale,100.0
184111,Christian Benteke,Christian Benteke,100.0
225147,Connor Roberts,Connor Roberts,100.0
156519,Héctor Herrera,Héctor Herrera,100.0
199987,Jasper Cillessen,Jasper Cillessen,100.0
176580,Luis Suárez,Luis Suárez,100.0
213577,Puertas,Antonio Puertas,100.0
243559,De Frutos,Jorge De Frutos,100.0
222994,Marvelous Nakamba,Marvelous Nakamba,100.0
198368,Tomás Pina Isla,Tomás Pina,100.0
203570,Stuart Dallas,Stuart Dallas,100.0
199577,Sergi Gómez Solà,Sergi Gómez,100.0
206225,Denis Cheryshev,Denis Cheryshev,100.0
215399,Rúben Miguel Nunes Vezo,Rúben Vezo,100.0
220831,Mickaël Malsa,Mickaël Malsa,100.0
192041,Néstor Araújo,Néstor Araújo,100.0
201988,Federico Fernández,Federico Fernández,100.0
198904,Grant Hanley,Grant Hanley,100.0
244393,Gonzalo Villar,Gonzalo Villar,100.0
228747,Oussama Idrissi,Oussama Idrissi,100.0
205201,Okay Yokuslu,Okay Yokuslu,100.0
182495,Martín Cáceres,Martín Cáceres,100.0
228635,Borja Mayoral Moya,Borja Mayoral,100.0
236679,Óscar Melendo Jiménez,Óscar Melendo,100.0
225475,Hernani Azevedo Júnior,Hernani,100.0
207707,Marçal,Fernando Marçal,100.0
206652,Sergio Rico González,Sergio Rico,100.0
246844,Carlos Neva Tey,Carlos Neva,100.0
192227,Shkodran Mustafi,Shkodran Mustafi,100.0
146758,Roberto Soldado Rillo,Roberto Soldado,100.0
154472,Jorge Molina Vidal,Jorge Molina,100.0
183353,Víctor Díaz,Víctor Díaz,100.0
183899,Pablo Piatti,Pablo Piatti,100.0
210635,Kortney Hause,Kortney Hause,100.0
190432,Oier Sanjurjo Maté,Oier,100.0
207664,Carlos Bacca,Carlos Bacca,100.0
215057,Iván Marcone,Iván Marcone,100.0
226637,Rubén Duarte Sánchez,Rubén Duarte,100.0
227508,Melero,Gonzalo Melero,100.0
228302,Alfonso Pedraza Sag,Alfonso,100.0
224574,Orbelín Pineda,Orbelín Pineda,100.0
204876,Carlos Clerc Martínez,Carlos Clerc,100.0
189117,Roman Bürki,Roman Bürki,100.0
172879,Sokratis Papastathopoulos,Sokratis,53.65853658536585
176635,Mesut Özil,Mesut Özil,54.54545454545455
205083,Fayçal Fajr,Faycal Fajr,54.54545454545455
170084,Wayne Hennessey,Wayne Hennessey,56.25
194958,Mooy,Aaron Mooy,57.142857142857146
231361,Joris Gnagnon,Joris Gnagnon,58.333333333333336
172143,Lasse Schøne,Lasse Schöne,58.333333333333336
176285,Winston Reid,Winston Reid,60.0
218066,Mbwana Ally Samatta,Mbwana Samatta,60.60606060606061
150724,Joe Hart,Joe Hart,60.869565217391305
216655,Bartolomeu Quissanga,Bartolomeu Quissanga,61.11111111111112
204366,Jürgen Locadia,Jürgen Locadia,61.53846153846154
47201,Silvio Proto,Silvio Proto,61.53846153846154
196801,Edson Andre Sitoe,Mexer,62.85714285714285
240190,Kunde Malong,Kunde Malong,63.63636363636363
189461,Jack Wilshere,Jack Wilshere,64.0
191628,Leandro Chichizola,Leandro Chichizola,64.70588235294117
170733,Gervais Yao Kouassi,Gervinho,64.70588235294117
192622,Shane Duffy,Shane Duffy,66.66666666666666
242236,Francisco Reis Ferreira,Ferro,66.66666666666666
192366,Nicolás Otamendi,Nicolás Otamendi,66.66666666666666
189157,Yannick Bolasie,Yannick Bolasie,66.66666666666666
209620,Abdul Rahman Baba,Abdul Rahman Baba,68.57142857142857
213400,Diego Laxalt,Diego Laxalt,69.23076923076923
167664,Gonzalo Higuaín,Gonzalo Higuaín,70.0
220932,Lovre Kalinic,Lovre Kalinic,70.0
194957,Phil Jones,Phil Jones,70.0
207537,Jordan Lukaku,Jordan Lukaku,70.58823529411765
167628,Stéphane Ruffier,Stéphane Ruffier,70.96774193548387
212814,João Mário Naval Costa Eduardo,João Mário,71.42857142857143
199767,Marco van Ginkel,Marco van Ginkel,71.42857142857143
232099,Marko Grujić,Marko Grujic,71.42857142857143
183497,Orestis Karnezis,Orestis Karnezis,71.42857142857143
200529,Nacer Chadli,Nacer Chadli,72.0
229712,Jorge Marco de Oliveira Moraes,Jorge,72.72727272727272
222429,Andrés Cubas,Adrián Cubas,75.0
162131,Llorente Torres,Fernando Llorente,75.0
219571,Camarasa,Víctor Camarasa,76.19047619047619
177610,Javier Martínez Aginaga,Javi Martínez,76.19047619047619
212183,José Ignacio Martínez García,Nacho,76.19047619047619
172962,Victor Moses,Victor Moses,76.92307692307692
231640,Javier Ontiveros Parra,Javi Ontiveros,78.26086956521739
158963,Lucas Biglia,Lucas Biglia,78.26086956521739
201862,Marcos Rojo,Marcos Rojo,80.0
204120,Tomáš Vaclík,Tomás Vaclik,83.33333333333333
234568,Gedson Fernandes,Gedson Fernandes,85.71428571428571
212911,Hernâni,Hernani,85.71428571428571
233265,Rémi Oudin,Remi Oudin,90.0
234128,Luiz Araújo,Luiz Araujo,90.9090909090909
188427,Senad Lulić,Senad Lulic,90.9090909090909
198949,Kévin Malcuit,Kevin Malcuit,92.3076923076923
222160,Youssouf Koné,Youssouf Kone,92.3076923076923
178250,Papakouli Diop,Papakouly Diop,92.85714285714286
228736,Wuilker Faríñez,Wuilker Fariñez,93.33333333333331
173771,Łukasz Piszczek,Lukasz Piszczek,93.33333333333331
205362,Matija Nastasić,Matija Nastasic,93.33333333333331
224949,Javairô Dilrosun,Javairo Dilrosun,93.75
216451,Jean Michaël Seri,Jean Michael Seri,94.11764705882354
208449,Christophe Hérelle,Christophe Herelle,94.44444444444444
178372,Branislav Ivanović,Branislav Ivanovic,94.44444444444444
195586,Alfreð Finnbogason,Alfred Finnbogason,94.44444444444444
201073,Nicolas De Préville,Nicolas de Preville,94.73684210526316
202330,Abdoulay Diaby,Abdoulaye Diaby,96.55172413793105
226414,Marcus Coco,Marcus Coco,100.0
198200,Benjamin Stambouli,Benjamin Stambouli,100.0
222515,Zinedine Ferhat,Zinedine Ferhat,100.0
215245,Adrien Hunou,Adrien Hunou,100.0
218359,Didier Ndong,Didier Ndong,100.0
160741,David Abraham,David Abraham,100.0
216466,Wendell,Wendell,100.0
211099,Opa Nguette,Opa Nguette,100.0
210450,Abdoulaye Touré,Abdoulaye Touré,100.0
203483,Davy Klaassen,Davy Klaassen,100.0
172862,Niklas Moisander,Niklas Moisander,100.0
190483,Douglas Costa,Douglas Costa,100.0
204240,Baptiste Reynet,Baptiste Reynet,100.0
212886,Wylan Cyprien,Wylan Cyprien,100.0
190264,Iago Falqué Silva,Iago,100.0
201956,Salif Sané,Salif Sané,100.0
215466,Nikola Maksimovic,Nikola Maksimovic,100.0
189068,Bas Dost,Bas Dost,100.0
198077,Patrick Herrmann,Patrick Herrmann,100.0
210282,Bruno da Silva Peres,Bruno,100.0
201508,Gastón Ramírez,Gastón Ramírez,100.0
228386,Pape Abou Cissé,Pape Abou Cissé,100.0
193532,Gary Medel,Gary Medel,100.0
210287,Jhon Córdoba,Jhon Córdoba,100.0
183498,Marco Parolo,Marco Parolo,100.0
179783,Ralf Fährmann,Ralf Fährmann,100.0
179846,Sami Khedira,Sami Khedira,100.0
1179,Gianluigi Buffon,Gianluigi Buffon,100.0
178518,Radja Nainggolan,Radja Nainggolan,100.0
194728,Ishak Belfodil,Ishak Belfodil,100.0
193470,Arnaud Souquet,Arnaud Souquet,100.0
186547,Mateo Musacchio,Mateo Musacchio,100.0
178160,Thomas Mangani,Thomas Mangani,100.0
212449,Mateo Pavlovic,Mateo Pavlovic,100.0
134779,Jimmy Briand,Jimmy Briand,100.0
215930,Tin Jedvaj,Tin Jedvaj,100.0
227647,Maximilian Mittelstädt,Maximilian Mittelstädt,100.0
232244,Santiago Ascacibar,Santiago Ascacibar,100.0
240046,João Victor,João Victor,100.0
207562,Sebastian Andersson,Sebastian Andersson,100.0
236947,Jordan Torunarigha,Jordan Torunarigha,100.0
235899,Deyovaisio Zeefuik,Deyovaisio Zeefuik,100.0
221797,Erik Thommy,Erik Thommy,100.0
213296,Nabil Bentaleb,Nabil Bentaleb,100.0
211999,Rani Khedira,Rani Khedira,100.0
211879,Janik Haberer,Janik Haberer,100.0
193886,Daniel Didavi,Daniel Didavi,100.0
191565,Yuya Osako,Yuya Osako,100.0
190854,Peter Pekarík,Peter Pekarík,100.0
190520,Tony Jantschke,Tony Jantschke,100.0
189390,Bastian Oczipka,Bastian Oczipka,100.0
189060,Aleksandar Dragovic,Aleksandar Dragovic,100.0
189043,Daniel Brosinski,Daniel Brosinski,100.0
183909,Ibrahima Traoré,Ibrahima Traoré,100.0
229221,William,William Saliba,100.0
206198,Dominique Heintz,Dominique Heintz,100.0
139860,Jérémy Morel,Jérémy Morel,100.0
208451,Robin Quaison,Robin Quaison,100.0
207894,Tobias Strobl,Tobias Strobl,100.0
144429,Oscar Wendt,Oscar Wendt,100.0
234569,Florentino Morris Luís,Florentino Luís,100.0
185239,Ömer Toprak,Ömer Toprak,100.0
237207,Samuel Kalu,Samuel Kalu,100.0
190416,Damien Le Tallec,Damien Le Tallec,100.0
188388,Ryad Boudebouz,Ryad Boudebouz,100.0
186330,Theodor Gebre Selassie,Theodor Gebre Selassie,100.0
234045,Henry Onyekuru,Henry Onyekuru,100.0
189681,Rafael Pereira da Silva,Rafael,100.0
240976,Marcelo Saracchi,Marcelo Saracchi,100.0
188770,Admir Mehmedi,Admir Mehmedi,100.0
192445,Daniel Ginczek,Daniel Ginczek,100.0
208520,Hiroki Sakai,Hiroki Sakai,100.0
201315,Pablo Nascimento Castro,Pablo,100.0
192557,Marvin Plattenhardt,Marvin Plattenhardt,100.0
158626,Mathieu Debuchy,Mathieu Debuchy,100.0
192663,Fabian Klos,Fabian Klos,100.0
204105,Kenny Lala,Kenny Lala,100.0
187052,Yann M'Vila,Yann M&#039;Vila,100.0
206591,Mitchell Weiser,Mitchell Weiser,100.0
153260,Vitorino Hilton da Silva,Hilton,100.0
204970,Florian Thauvin,Florian Thauvin,100.0
164376,Graziano Pellè,Graziano Pellè,100.0
185174,Andrea Poli,Andrea Poli,100.0
169792,Jay Rodriguez,Jay Rodriguez,100.0
212722,DeAndre Yedlin,DeAndre Yedlin,100.0
200746,John Lundstram,John Lundstram,100.0
155946,Robert Snodgrass,Robert Snodgrass,100.0
216266,Kenny Tete,Kenny Tete,100.0
205186,Paulo Gazzaniga,Paulo Gazzaniga,100.0
189177,John Fleck,John Fleck,100.0
186395,Matt Ritchie,Matt Ritchie,100.0
186190,Patrick van Aanholt,Patrick van Aanholt,100.0
186143,Oliver Norwood,Oliver Norwood,100.0
185195,Odion Ighalo,Odion Ighalo,100.0
184274,Chris Basham,Chris Basham,100.0
164468,Gary Cahill,Gary Cahill,100.0
200855,George Baldock,George Baldock,100.0
212300,Jack O'Connell,Jack O&#039;Connell,100.0
205525,Bernard Anício Caldeira Duarte,Bernard,100.0
204936,John Egan,John Egan,100.0
192546,Enda Stevens,Enda Stevens,100.0
228092,Sander Berge,Sander Berge,100.0
179944,David Luiz Moreira Marinho,David Luiz,100.0
180403,Willian Borges da Silva,Willian,100.0
184087,Toby Alderweireld,Toby Alderweireld,100.0
201953,Juan Sánchez Miño,Juan Sánchez Miño,100.0
186392,Joel Ward,Joel Ward,100.0
208622,Rubén Sobrino,Rubén Sobrino,100.0
188253,James McCarthy,James McCarthy,100.0
194911,Adrián San Miguel Castillo,Adrián,100.0
237715,Patrick Cutrone,Patrick Cutrone,100.0
225144,Percy Tau,Percy Tau,100.0
200478,Hendrick,Jeff Hendrick,100.0
182184,Dale Stephens,Dale Stephens,100.0
237560,Moussa Djenepo,Moussa Djenepo,100.0
228229,Fabián Balbuena,Fabián,100.0
220031,Oliver McBurnie,Oliver McBurnie,100.0
216774,Wesley Hoedt,Wesley,100.0
212267,Ivan Cavaleiro,Ivan Cavaleiro,100.0
204355,Paul Dummett,Paul Dummett,100.0
202697,Jack Stephens,Jack Stephens,100.0
201884,Robbie Brady,Robbie Brady,100.0
193849,Conor Hourihane,Conor Hourihane,100.0
192991,Cenk Tosun,Cenk Tosun,100.0
188166,Matt Phillips,Matt Phillips,100.0
186115,Kieran Gibbs,Kieran Gibbs,100.0
184037,Martin Kelly,Martin Kelly,100.0
179591,Pablo Hernández,Pablo Hernández,100.0
139062,Willy Caballero,Willy Caballero,100.0
228414,Matheus Fellipe Costa Pereira,Matheus Pereira,100.0
224263,Jonjoe Kenny,Jonjoe Kenny,100.0
212150,Max Meyer,Max Meyer,100.0
210972,Manquillo,Javier Manquillo,100.0
193158,Davy Pröpper,Davy Pröpper,100.0
161648,Ben Arfa,Hatem Ben Arfa,100.0
194761,Borja García Freire,Borja,100.0
209669,Dimitrios Siovas,Dimitrios Siovas,100.0
193152,Iago Herrerín Buisán,Iago,100.0
146296,Andrés Eduardo Fernández Moreno,Andrés Fernández,100.0
110677,Miguel Ángel Moyá Rumbo,Ángel,100.0
199416,Ibai Gómez Pérez,Ibai Gómez,100.0
192492,Fabián Orellana,Fabián,100.0
182002,Sidnei Rechel da Silva Júnior,Sidnei,100.0
175379,Pedro León,Pedro León,100.0
179844,Diego da Silva Costa,Diego Costa,100.0
199575,Jordi Masip López,Jordi Masip,100.0
177458,Sven Bender,Sven Bender,100.0
224933,Kevin Lasagna,Kevin,100.0
236311,Marko Rog,Marko Rog,100.0
235866,Christian Kouamé,Christian Kouamé,100.0
231826,Yann Karamoh,Yann Karamoh,100.0
229636,Gastón Pereiro,Gastón Pereiro,100.0
201943,Andreas Cornelius,Andreas Cornelius,100.0
191053,Tomás Rincón,Tomás Rincón,100.0
190547,Kamil Glik,Kamil Glik,100.0
189484,Davide Santon,Davide Santon,100.0
169115,Andrea Masiello,Andrea Masiello,100.0
161805,Valon Behrami,Valon Behrami,100.0
152999,Rodrigo Palacio,Rodrigo,100.0
186832,Kwadwo Asamoah,Kwadwo Asamoah,100.0
205114,Takashi Inui,Takashi Inui,100.0
194879,Sergi Enrich Ametller,Sergi Enrich,100.0
207471,Franco Vázquez,Franco Vázquez,100.0
229624,Sergi Guardiola,Sergi Guardiola,100.0
231640,Javi Ontiveros,Javi Ontiveros,100.0
231414,Waldo Rubio Martin,Waldo Rubio,100.0
225562,Martín Merquelanz,Martín Merquelanz,100.0
211231,Ramón Azeez,Ramón Azeez,100.0
200519,Pulido,Jorge Pulido,100.0
199986,Arbilla,Anaitz Arbilla,100.0
199667,Ramiro Funes Mori,Ramiro Funes Mori,100.0
199158,Sergio Álvarez,Sergio Álvarez,100.0
193844,Portillo,Francisco Portillo,100.0
191210,Sébastien Corchia,Sébastien Corchia,100.0
186684,Kiko Olivas,Kiko Olivas,100.0
161956,Borja Valero,Borja,100.0
185181,Yoel,Yoel,100.0
176915,Augusto Fernández,Augusto Fernández,100.0
173818,Adrián López Álvarez,Adrián,100.0
172316,Coke,Coke,100.0
172287,Manu García,Manu García,100.0
215259,Emiliano Rigoni,Emiliano Rigoni,100.0
229359,Miramón,Jorge Miramón,100.0
215616,Jason,Jason,100.0
210679,Paulo Oliveira,Paulo Oliveira,100.0
208621,Óscar Plano,Óscar Plano,100.0
204757,Toño García,Toño,100.0
229764,Córdoba,Iñigo Córdoba,100.0
183666,Roberto,Roberto Jiménez,100.0
177457,Lars Bender,Lars Bender,100.0
200641,Yevhen Konoplyanka,Yevhen Konoplyanka,51.61290322580645
233113,Aleñà,Carles Aleñá,54.54545454545455
184271,Younousse Sankharé,Younousse Sankhare,58.064516129032256
152211,Ramazan Özcan,Salih Özcan,62.5
167514,Dušan Basta,Juan Bernat,63.63636363636363
221695,Godfred Donsah,Godfred Donsah,64.0
212476,Medrán,Álvaro Medrán,66.66666666666666
188005,Camacho,Camacho,66.66666666666666
193130,André Schürrle,André Schürrle,66.66666666666666
143745,Arda Turan,Arda Turan,66.66666666666666
105846,Artur Boruc,Artur Boruc,66.66666666666666
172553,Jonas Lössl,Jonas Lössl,66.66666666666666
183491,Mathias Jørgensen,Matthias Ginter,68.75
192593,Danijel Subašic,Danijel Subasic,68.9655172413793
244269,Filip Benković,Filip Benkovic,69.23076923076923
225199,Vincent Koziello,Vincent Koziello,70.0
186148,Ron-Robert Zieler,Ron-Robert Zieler,70.58823529411765
231235,Kelvin Amian,Kelvin Amian,72.0
170815,Steven Defour,Steven Defour,72.0
219411,José Izquierdo,José Izquierdo,72.72727272727272
183483,Konstantinos Mitroglou,Kostas Mitroglou,75.55555555555556
243780,Kangin Lee,Lee Kang-In,76.19047619047619
214332,Daniel Torres,Daniel Torres,76.92307692307692
210333,Alexander Szymanowski,Alexander Szymanowski,78.26086956521739
208144,Daniel Bessa,Daniel Bessa,78.26086956521739
178224,Javier Hernández,Chicharito,80.0
200212,Michael Esser,Michael Esser,80.0
209818,Joshua Brenet,Joshua Brenet,81.48148148148148
200332,Tomáš Koubek,Tomas Koubek,83.33333333333333
186132,Danny Drinkwater,Daniel Drinkwater,84.84848484848484
202316,Timmy Chandler,Timothy Chandler,86.66666666666667
179527,Loïc Rémy,Loïc Remy,88.88888888888889
146562,Santi Cazorla,Santiago Cazorla,89.65517241379311
191055,Dídac Vilà,Dídac Vilá,90.0
181262,Marek Suchý,Marek Suchy,90.9090909090909
159147,Loïc Perrin,Loic Perrin,90.9090909090909
203393,Eddy Gnahoré,Eddy Gnahore,91.66666666666669
182744,Jose Holebas,José Holebas,91.66666666666669
216437,Wallace,Walace,92.3076923076923
211321,Moussa Konaté,Moussa Konate,92.3076923076923
189506,Victor Sánchez,Víctor Sánchez,92.85714285714286
162369,Vedad Ibiševic,Vedad Ibisevic,92.85714285714286
138699,Blerim Džemaili,Blerim Dzemaili,93.33333333333331
235173,Ibrahim Sangaré,Ibrahim Sangare,93.33333333333331
224218,François Kamano,Francois Kamano,93.33333333333331
221354,Miloš Veljkovic,Milos Veljkovic,93.33333333333331
223138,Anthony Briançon,Anthony Briancon,93.75
201013,Łukasz Teodorczyk,Lukasz Teodorczyk,94.11764705882354
182179,Sebastian De Maio,Sebastien De Maio,94.11764705882354
225713,Jean-Kévin Augustin,Jean-Kevin Augustin,94.73684210526316
183820,Matthieu Dossevi,Mathieu Dossevi,96.7741935483871
232869,Gen Shoji,Gen Shoji,100.0
159175,Alaixys Romao,Jacques-Alaixys Romao,100.0
221701,Gabriel Boschilia,Gabriel,100.0
112365,Renaud Cohade,Renaud Cohade,100.0
225945,Thiago Maia,Thiago Maia,100.0
181402,William Vainqueur,William,100.0
163665,Daniel Congré,Daniel Congré,100.0
217731,Sandro,Sandro Tonali,100.0
192242,Paul Lasne,Paul Lasne,100.0
140620,Ragnar Klavan,Ragnar Klavan,100.0
211408,Karol Linetty,Karol Linetty,100.0
205756,Stefano Denswil,Stefano Denswil,100.0
192612,Mato Jajalo,Mato Jajalo,100.0
168326,Salvatore Bocchetti,Salvatore Bocchetti,100.0
193839,Rômulo,Rômulo,100.0
205633,Lucas Castro,Lucas Castro,100.0
201049,Lorenzo Tonelli,Lorenzo Tonelli,100.0
205943,Vlad Chiriches,Vlad Chiriches,100.0
166072,Danilo,Danilo Cataldi,100.0
211354,Marco Benassi,Marco Benassi,100.0
177983,Cristian Zapata,Cristian Zapata,100.0
176104,Valter Birsa,Valter Birsa,100.0
186627,Mario Balotelli,Mario Balotelli,100.0
181783,Mario Mandžukic,Mario Mandzukic,100.0
170890,Blaise Matuidi,Blaise Matuidi,100.0
202515,Jesé,Jesé,100.0
231949,Ghoddos,Saman Ghoddos,100.0
199419,Yoann Court,Yoann Court,100.0
198420,Majeed Waris,Majeed Waris,100.0
226861,Sada Thioub,Sada Thioub,100.0
215792,Jemerson,Jemerson,100.0
212613,Wesley Saïd,Wesley,100.0
209547,Stefan Mitrovic,Stefan Mitrovic,100.0
192647,Gaëtan Charbonnier,Gaëtan Charbonnier,100.0
184082,Lamine Koné,Lamine Koné,100.0
212023,Robert Beric,Robert Beric,100.0
182945,Max-Alain Gradel,Max Gradel,100.0
203280,Valère Germain,Valère Germain,100.0
184501,Michael Lang,Michael Lang,100.0
202088,Felix Klaus,Felix Klaus,100.0
200429,Benito Raman,Benito Raman,100.0
198113,Marco Höger,Marco Höger,100.0
188802,Marcel Schmelzer,Marcel Schmelzer,100.0
184789,Ádám Szalai,Ádám Szalai,100.0
177569,Jonathan De Guzmán,Jonathan de Guzmán,100.0
177159,Fabian Johnson,Fabian Johnson,100.0
152996,Per Ciljan Skjelbred,Per Skjelbred,100.0
192565,Yunus Malli,Yunus Malli,100.0
230564,Gacinovic,Mijat Gacinovic,100.0
137351,Daniel Baier,Daniel Baier,100.0
223033,Jorge Meré,Jorge,100.0
220925,Alessandro Schöpf,Alessandro Schöpf,100.0
204497,Kevin Stöger,Kevin Stöger,100.0
193584,Guido Burgstaller,Guido Burgstaller,100.0
158438,Gelson Tavares Fernandes,Gelson Fernandes,100.0
189410,Danny Latza,Danny Latza,100.0
183556,Neven Subotic,Neven Subotic,100.0
212626,Davie Selke,Davie Selke,100.0
170797,Nuri Sahin,Nuri Sahin,100.0
190059,Steven Zuber,Steven Zuber,100.0
190666,Manuel Gulde,Manuel Gulde,100.0
211927,Chang Hoon Kwon,Kwon Chang-Hoon,100.0
229071,Karim Onisiwo,Karim Onisiwo,100.0
230042,Youssef Ait Bennasser,Youssef Ait Bennasser,100.0
203128,Thomas Monconduit,Thomas Monconduit,100.0
190034,Timothée Kolodziejczak,Timothée Kolodziejczak,100.0
167943,Cabaye,Yohan Cabaye,100.0
176994,Régis Gurtner,Régis Gurtner,100.0
186589,Ivan Radovanovic,Ivan Radovanovic,100.0
184144,Nicolás Gaitán,Nicolás Gaitán,100.0
185221,Luiz Gustavo,Luiz Gustavo,100.0
210489,Louis Schaub,Louis Schaub,100.0
177666,Martin Harnik,Martin Harnik,100.0
207924,Lucas Lima,Lucas Lima,100.0
108080,Lichtsteiner,Stephan Lichtsteiner,100.0
234728,László Bénes,László Bénes,100.0
193311,Philipp Bargfrede,Philipp Bargfrede,100.0
183568,Sebastian Langkamp,Sebastian Langkamp,100.0
179954,Thomas Kraft,Thomas Kraft,100.0
211818,Kevin Möhwald,Kevin,100.0
202151,Konstantinos Stafylidis,Konstantinos Stafylidis,100.0
198617,Dominick Drexler,Dominick Drexler,100.0
183332,Fin Bartels,Fin Bartels,100.0
182888,Håvard Nordtveit,Håvard Nordtveit,100.0
25420,Claudio Pizarro,Claudio Pizarro,100.0
227503,Jacob Bruun Larsen,Jacob Bruun Larsen,100.0
199559,Roberto Inglese,Roberto Inglese,100.0
140082,Rafael,Rafael Czichos,100.0
186200,Fabio Borini,Fabio,100.0
210828,Björn Engels,Björn Engels,100.0
201155,Ravel Morrison,Ravel Morrison,100.0
189725,Tom Cleverley,Tom Cleverley,100.0
180283,Sung Yueng Ki,Ki Sung-yueng,100.0
188155,Daryl Janmaat,Daryl Janmaat,100.0
224294,Lewis Cook,Lewis Cook,100.0
172937,Glenn Murray,Glenn Murray,100.0
188942,Victor Wanyama,Victor Wanyama,100.0
183125,Troy Deeney,Troy Deeney,100.0
172175,Kevin Mirallas,Kevin,100.0
193011,Steve Cook,Steve Cook,100.0
172871,Jan Vertonghen,Jan Vertonghen,100.0
225699,Anuar Mohamed Tuhami,Anuar Mohamed,100.0
226060,Roger Assalé,Roger,100.0
236331,Erick Cabaco,Erick Cabaco,100.0
219712,Sebastián Cristóforo,Sebastián Cristóforo,100.0
211263,Lisandro Magallán,Lisandro Magallán,100.0
204346,Fede Vico,Fede Vico,100.0
207624,Kenneth Omeruo,Kenneth Omeruo,100.0
201893,Recio,Recio,100.0
198023,Ximo Navarro,Ximo Navarro,100.0
195361,Javi López,Javi López,100.0
190014,Yannis Salibur,Yannis Salibur,100.0
189857,Quique,Quique González,100.0
188337,Mubarak Wakaso,Mubarak Wakaso,100.0
216325,Angus Gunn,Angus Gunn,100.0
53914,Phil Jagielka,Phil Jagielka,100.0
135451,Gomes,André Gomes,100.0
180706,Craig Cathcart,Craig Cathcart,100.0
234986,Panagiotis Retsos,Panagiotis Retsos,100.0
194996,Borja Bastón,Borja,100.0
246069,Lukas Rupp,Lukas Rupp,100.0
182836,Andy Carroll,Andy Carroll,100.0
215871,Alireza Jahanbakhsh,Alireza Jahanbakhsh,100.0
232805,Bernardo,Bernardo Silva,100.0
205897,Nathaniel Chalobah,Nathaniel Chalobah,100.0
191648,Maya Yoshida,Maya Yoshida,100.0
189446,Junior Stanislas,Junior Stanislas,100.0
182882,Carlos Sánchez,Carlos Sánchez,100.0
172953,Adrian Mariappa,Adrian Mariappa,100.0
172768,Andrew Surman,Andrew Surman,100.0
186521,Bernardo Espinosa,Bernardo,100.0
157665,Scott Dann,Scott Dann,100.0
228717,Yoshinori Muto,Yoshinori Muto,100.0
215334,Guido Carrillo,Guido Carrillo,100.0
198504,Josip Drmic,Josip Drmic,100.0
184749,Dan Gosling,Dan Gosling,100.0
163631,Leighton Baines,Leighton Baines,100.0
142784,Pablo Zabaleta,Pablo,100.0
135883,Simon Francis,Simon Francis,100.0
225018,Florin Andone,Florin Andone,100.0
219536,Ignacio Pussetto,Ignacio Pussetto,100.0
205670,Dwight Gayle,Dwight Gayle,100.0
194138,Andre Gray,Andre Gray,100.0
190885,Adam Smith,Adam Smith,100.0
136113,Wes Morgan,Wes Morgan,100.0
169426,Barragán,Antonio Barragán,100.0
163806,Sergio,Sergio Reguilón,100.0
142959,Mariano Barbosa,Mariano,100.0
178086,Adán,Antonio Adán,100.0
106231,Aduriz,Aduriz,100.0
178562,Éver Banega,Éver Banega,100.0
170481,Ezequiel Garay,Ezequiel Garay,100.0
191783,Valon Berisha,Valon Berisha,100.0
231242,Adam Ounas,Adam Ounas,100.0
201878,Valentin Eysseric,Valentin Eysseric,100.0
186961,Alberto Paloschi,Alberto Paloschi,100.0
202061,Jasmin Kurtic,Jasmin Kurtic,100.0
197681,Giannelli Imbula,Giannelli Imbula,100.0
226592,Jakub Jankto,Jakub Jankto,100.0
220528,Gennaro Tutino,Gennaro Tutino,100.0
177600,Beñat,Beñat,100.0
220475,Alberto Grassi,Alberto Grassi,100.0
203884,Koffi Djidji,Koffi Djidji,100.0
201931,Gabriel,Gabriel Strefezza,100.0
192587,Artur Ionita,Artur Ionita,100.0
182168,Andrea Ranocchia,Andrea Ranocchia,100.0
144622,Raffael,Raffael,100.0
224656,Ola Aina,Ola Aina,100.0
217605,Lukas Lerager,Lukas Lerager,100.0
203668,Alfredo Donnarumma,Alfredo Donnarumma,100.0
202135,Stefano Sturaro,Stefano Sturaro,100.0
201335,Federico Santander,Federico Santander,100.0
192575,Emmanuel Badu,Emmanuel Badu,100.0
192073,Bertolacci,Andrea Bertolacci,100.0
213414,William Troost-Ekong,William,100.0
229148,Dalbert,Dalbert,100.0
164029,Charles,Charles,100.0
187491,Fedor Smolov,Fedor Smolov,100.0
199602,John Guidetti,John Guidetti,100.0
212772,Óscar Duarte,Óscar Duarte,100.0
224869,Bustinza,Unai Bustinza,100.0
198614,Raúl Navas,Raúl Navas,100.0
190531,Eliaquim Mangala,Eliaquim Mangala,100.0
190156,Rubén Pérez,Rubén Pérez,100.0
189574,Iturraspe,Iturraspe,100.0
183966,Facundo Roncaglia,Facundo Roncaglia,100.0
182896,Roberto Rosales,Roberto Rosales,100.0
172290,David Zurutuza,David Zurutuza,100.0
155984,Markel Bergara,Markel Bergara,100.0
200228,Bruno,Bruno Alves,100.0
178424,Antunes,Vitorino Antunes,100.0
230578,Mouctar Diakhaby,Mouctar Diakhaby,100.0
212196,Pione Sisto,Pione Sisto,100.0
198715,Sergio León,Sergio León,100.0
161754,Javi García,Javi García,100.0
146952,Iván Cuéllar,Iván Cuéllar,100.0
146701,Iván Ramis,Iván Ramis,100.0
219455,Calleri,Jonathan Calleri,100.0
183376,Ljubomir Fejsa,Ljubomir Fejsa,100.0
189156,Daniel Carriço,Daniel Carriço,100.0
185132,Mikel San José,San José,100.0
205705,Zouhair Feddal,Zouhair Feddal,100.0
202054,Naldo,Naldo,100.0
178085,Granero,Esteban Granero,100.0
213432,Facundo Ferreyra,Facundo Ferreyra,100.0
158232,Salomon Kalou,Salomon Kalou,100.0
